1559510685447, 22523, 486, 535, 424
1559510685459, 22537, 486, 536, 425
1559510685473, 22550, 486, 537, 424
1559510685485, 22562, 486, 537, 424
1559510685499, 22576, 486, 536, 423
1559510685512, 22589, 486, 536, 423
1559510685525, 22602, 486, 536, 424
1559510685539, 22615, 487, 536, 424
1559510685552, 22628, 486, 536, 423
1559510685564, 22641, 486, 536, 423
1559510685577, 22653, 486, 536, 423
1559510685590, 22667, 486, 537, 424
1559510685603, 22680, 486, 536, 424
1559510685617, 22693, 486, 536, 423
1559510685630, 22706, 486, 536, 423
1559510685647, 22719, 487, 536, 423
1559510685655, 22732, 487, 536, 424
1559510685669, 22745, 486, 535, 424
1559510685681, 22758, 486, 535, 424
1559510685694, 22771, 486, 537, 424
1559510685707, 22785, 486, 537, 424
1559510685721, 22797, 486, 537, 424
1559510685734, 22810, 485, 536, 423
1559510685746, 22823, 486, 536, 423
1559510685760, 22837, 487, 536, 424
1559510685772, 22849, 486, 536, 425
1559510685786, 22862, 485, 536, 424
1559510685799, 22876, 486, 537, 423
1559510685812, 22888, 486, 537, 424
1559510685824, 22901, 486, 536, 425
1559510685837, 22915, 486, 536, 424
1559510685850, 22928, 486, 536, 423
1559510685864, 22940, 486, 536, 423
1559510685877, 22953, 486, 536, 424
1559510685890, 22967, 487, 536, 424
1559510685903, 22979, 486, 536, 425
1559510685916, 22992, 486, 537, 424
1559510685929, 23006, 486, 537, 424
1559510685942, 23019, 486, 537, 423
1559510685954, 23031, 486, 537, 424
1559510685969, 23045, 486, 536, 424
1559510685984, 23058, 486, 536, 424
1559510685995, 23070, 486, 536, 424
1559510686008, 23084, 486, 537, 424
1559510686020, 23097, 486, 537, 424
1559510686034, 23110, 485, 537, 424
1559510686046, 23122, 486, 536, 424
1559510686060, 23136, 486, 536, 424
1559510686072, 23149, 486, 536, 424
1559510686085, 23162, 486, 537, 424
1559510686098, 23175, 486, 537, 424
1559510686111, 23188, 486, 537, 424
1559510686124, 23201, 486, 537, 424
1559510686137, 23214, 486, 537, 424
1559510686150, 23227, 486, 536, 424
1559510686163, 23240, 486, 536, 423
1559510686177, 23254, 486, 536, 424
1559510686190, 23266, 486, 537, 424
1559510686203, 23279, 486, 537, 424
1559510686216, 23292, 486, 537, 424
1559510686229, 23306, 486, 537, 423
1559510686243, 23318, 486, 538, 423
1559510686256, 23331, 487, 537, 424
1559510686268, 23345, 486, 536, 424
1559510686280, 23357, 485, 536, 424
1559510686295, 23370, 486, 537, 424
1559510686307, 23384, 486, 538, 424
1559510686320, 23397, 486, 537, 424
1559510686333, 23409, 485, 537, 424
1559510686346, 23422, 486, 537, 423
1559510686360, 23436, 486, 537, 424
1559510686372, 23448, 486, 537, 424
1559510686386, 23461, 486, 537, 424
1559510686398, 23475, 486, 537, 424
1559510686412, 23488, 486, 537, 424
1559510686423, 23500, 486, 537, 424
1559510686437, 23514, 486, 537, 424
1559510686450, 23527, 486, 537, 423
1559510686463, 23539, 486, 536, 423
1559510686476, 23553, 486, 536, 424
1559510686489, 23566, 486, 536, 425
1559510686502, 23579, 486, 537, 425
1559510686516, 23591, 486, 537, 424
1559510686530, 23605, 486, 537, 424
1559510686541, 23618, 486, 537, 424
1559510686556, 23630, 486, 537, 423
1559510686568, 23644, 486, 536, 423
1559510686580, 23657, 486, 535, 423
1559510686593, 23670, 486, 536, 423
1559510686606, 23683, 486, 537, 424
1559510686620, 23696, 486, 537, 425
1559510686633, 23709, 485, 537, 424
1559510686646, 23723, 486, 537, 423
1559510686659, 23735, 486, 537, 424
1559510686671, 23748, 486, 537, 424
1559510686684, 23761, 486, 536, 424
1559510686697, 23774, 486, 536, 423
1559510686711, 23787, 486, 536, 424
1559510686724, 23800, 486, 537, 424
1559510686736, 23814, 486, 537, 424
1559510686749, 23826, 486, 537, 423
1559510686763, 23839, 486, 537, 423
1559510686776, 23853, 487, 537, 424
1559510686789, 23866, 486, 536, 424
1559510686802, 23878, 486, 536, 424
1559510686814, 23891, 486, 537, 423
1559510686827, 23905, 486, 537, 423
1559510686840, 23917, 486, 537, 424
1559510686854, 23930, 486, 536, 424
1559510686866, 23944, 486, 536, 424
1559510686880, 23957, 486, 536, 423
1559510686892, 23969, 486, 536, 423
1559510686906, 23983, 486, 537, 425
1559510686919, 23996, 486, 537, 424
1559510686932, 24008, 486, 536, 423
1559510686945, 24022, 486, 536, 423
1559510686958, 24035, 486, 537, 424
1559510686971, 24048, 486, 537, 424
1559510686985, 24060, 486, 537, 424
1559510686997, 24074, 486, 536, 424
1559510687010, 24087, 486, 537, 424
1559510687023, 24099, 487, 536, 424
1559510687037, 24113, 486, 536, 423
1559510687050, 24126, 486, 535, 422
1559510687062, 24139, 486, 534, 422
1559510687076, 24152, 487, 536, 422
1559510687088, 24165, 487, 536, 421
1559510687107, 24178, 486, 536, 420
1559510687115, 24190, 485, 536, 417
1559510687128, 24204, 487, 535, 415
1559510687140, 24217, 487, 534, 413
1559510687153, 24230, 485, 535, 409
1559510687167, 24243, 481, 537, 407
1559510687179, 24256, 480, 542, 405
1559510687192, 24269, 480, 549, 402
1559510687206, 24283, 479, 553, 392
1559510687219, 24295, 481, 561, 392
1559510687232, 24308, 485, 570, 393
1559510687245, 24322, 486, 569, 392
1559510687259, 24334, 482, 574, 403
1559510687271, 24347, 480, 573, 414
1559510687283, 24360, 479, 577, 423
1559510687297, 24374, 480, 582, 430
1559510687311, 24386, 480, 584, 438
1559510687322, 24399, 479, 585, 443
1559510687337, 24413, 474, 588, 447
1559510687349, 24425, 473, 583, 449
1559510687365, 24438, 476, 572, 452
1559510687374, 24452, 484, 558, 452
1559510687388, 24465, 496, 538, 453
1559510687402, 24477, 505, 518, 449
1559510687414, 24491, 510, 507, 447
1559510687427, 24504, 513, 498, 448
1559510687440, 24517, 514, 484, 442
1559510687453, 24529, 517, 471, 435
1559510687466, 24543, 521, 461, 431
1559510687481, 24556, 522, 450, 429
1559510687493, 24568, 525, 435, 427
1559510687505, 24582, 526, 419, 424
1559510687518, 24595, 529, 404, 427
1559510687531, 24608, 532, 392, 431
1559510687544, 24621, 531, 382, 430
1559510687557, 24634, 528, 380, 423
1559510687570, 24647, 526, 384, 425
1559510687583, 24659, 525, 391, 435
1559510687597, 24673, 520, 398, 439
1559510687609, 24686, 516, 402, 443
1559510687622, 24699, 513, 409, 450
1559510687635, 24712, 510, 417, 457
1559510687649, 24725, 507, 427, 463
1559510687661, 24738, 503, 445, 473
1559510687674, 24752, 498, 468, 482
1559510687688, 24764, 493, 492, 492
1559510687700, 24777, 485, 517, 501
1559510687714, 24791, 479, 539, 509
1559510687728, 24803, 473, 555, 517
1559510687739, 24816, 472, 563, 530
1559510687753, 24829, 473, 577, 547
1559510687766, 24843, 473, 600, 559
1559510687779, 24855, 469, 629, 561
1559510687791, 24868, 463, 661, 560
1559510687806, 24882, 455, 687, 554
1559510687818, 24894, 450, 706, 546
1559510687830, 24907, 446, 710, 534
1559510687844, 24921, 451, 661, 532
1559510687857, 24934, 464, 628, 536
1559510687870, 24946, 470, 616, 539
1559510687882, 24960, 466, 619, 541
1559510687896, 24973, 461, 629, 545
1559510687909, 24986, 458, 638, 541
1559510687921, 24998, 456, 646, 534
1559510687936, 25012, 455, 656, 527
1559510687948, 25025, 457, 659, 526
1559510687961, 25037, 460, 655, 524
1559510687974, 25051, 464, 648, 522
1559510687988, 25064, 466, 646, 522
1559510688000, 25077, 468, 641, 520
1559510688014, 25090, 471, 630, 511
1559510688027, 25103, 478, 605, 503
1559510688039, 25116, 488, 575, 499
1559510688053, 25128, 499, 542, 493
1559510688066, 25142, 516, 511, 486
1559510688079, 25155, 532, 475, 478
1559510688091, 25168, 539, 428, 464
1559510688104, 25181, 540, 389, 456
1559510688117, 25194, 534, 362, 454
1559510688131, 25207, 528, 349, 464
1559510688143, 25221, 522, 345, 473
1559510688157, 25233, 516, 349, 469
1559510688171, 25246, 514, 364, 460
1559510688183, 25260, 512, 373, 452
1559510688196, 25272, 512, 375, 448
1559510688209, 25285, 510, 374, 445
1559510688223, 25298, 509, 374, 442
1559510688235, 25312, 511, 374, 444
1559510688247, 25324, 512, 372, 444
1559510688261, 25337, 511, 369, 444
1559510688274, 25351, 509, 365, 447
1559510688286, 25363, 506, 362, 450
1559510688299, 25376, 504, 362, 455
1559510688312, 25390, 504, 366, 461
1559510688325, 25403, 506, 374, 471
1559510688338, 25415, 508, 389, 484
1559510688351, 25428, 507, 409, 494
1559510688366, 25442, 508, 434, 505
1559510688378, 25455, 512, 461, 519
1559510688390, 25467, 516, 489, 535
1559510688404, 25481, 520, 522, 557
1559510688417, 25494, 526, 560, 582
1559510688431, 25506, 534, 590, 612
1559510688443, 25520, 541, 649, 643
1559510688456, 25533, 526, 717, 649
1559510688470, 25546, 496, 796, 623
1559510688482, 25559, 454, 839, 567
1559510688496, 25572, 437, 769, 515
1559510688508, 25585, 476, 679, 518
1559510688521, 25597, 497, 644, 544
1559510688534, 25611, 490, 632, 566
1559510688547, 25624, 476, 626, 572
1559510688561, 25637, 469, 619, 564
1559510688574, 25650, 475, 623, 555
1559510688587, 25663, 476, 633, 548
1559510688599, 25676, 469, 646, 535
1559510688613, 25690, 466, 652, 528
1559510688626, 25702, 469, 656, 526
1559510688639, 25715, 473, 655, 524
1559510688652, 25729, 474, 658, 519
1559510688664, 25741, 472, 660, 508
1559510688678, 25754, 469, 654, 496
1559510688690, 25767, 470, 644, 490
1559510688704, 25781, 474, 630, 489
1559510688717, 25793, 479, 612, 489
1559510688730, 25806, 486, 596, 491
1559510688743, 25820, 498, 575, 493
1559510688755, 25832, 510, 543, 492
1559510688769, 25845, 518, 503, 491
1559510688783, 25859, 522, 465, 494
1559510688795, 25872, 519, 425, 495
1559510688808, 25884, 517, 390, 499
1559510688822, 25897, 516, 359, 501
1559510688834, 25911, 518, 331, 499
1559510688847, 25923, 519, 314, 496
1559510688859, 25936, 523, 307, 487
1559510688873, 25950, 522, 314, 476
1559510688885, 25963, 515, 344, 473
1559510688900, 25975, 503, 362, 465
1559510688912, 25989, 495, 375, 459
1559510688925, 26002, 492, 385, 456
1559510688938, 26015, 491, 393, 458
1559510688952, 26028, 490, 401, 458
1559510688965, 26041, 488, 407, 455
1559510688977, 26054, 488, 407, 452
1559510688990, 26066, 489, 402, 457
1559510689004, 26080, 490, 401, 464
1559510689016, 26093, 487, 403, 467
1559510689029, 26106, 487, 409, 474
1559510689042, 26119, 494, 424, 489
1559510689055, 26132, 500, 454, 504
1559510689068, 26145, 504, 494, 519
1559510689082, 26158, 505, 535, 530
1559510689095, 26171, 503, 572, 544
1559510689107, 26184, 511, 604, 568
1559510689121, 26198, 516, 640, 588
1559510689134, 26210, 508, 693, 593
1559510689146, 26223, 479, 727, 583
1559510689159, 26236, 462, 741, 580
1559510689173, 26250, 466, 723, 575
1559510689186, 26262, 480, 687, 570
1559510689200, 26275, 487, 661, 566
1559510689212, 26289, 482, 651, 564
1559510689224, 26301, 475, 653, 563
1559510689238, 26314, 475, 652, 560
1559510689251, 26328, 476, 646, 556
1559510689263, 26341, 476, 639, 552
1559510689276, 26353, 476, 640, 551
1559510689290, 26366, 473, 646, 551
1559510689303, 26380, 470, 650, 545
1559510689316, 26392, 469, 650, 537
1559510689329, 26405, 471, 647, 532
1559510689342, 26419, 473, 648, 528
1559510689354, 26432, 471, 652, 521
1559510689368, 26444, 467, 653, 509
1559510689381, 26458, 466, 642, 499
1559510689393, 26471, 470, 623, 494
1559510689406, 26483, 484, 601, 496
1559510689420, 26497, 497, 579, 501
1559510689434, 26510, 503, 550, 505
1559510689446, 26523, 508, 516, 509
1559510689460, 26535, 509, 476, 511
1559510689473, 26549, 509, 439, 513
1559510689486, 26562, 506, 402, 514
1559510689499, 26575, 507, 362, 510
1559510689511, 26588, 512, 327, 501
1559510689524, 26601, 520, 308, 494
1559510689538, 26614, 526, 292, 489
1559510689551, 26627, 523, 291, 481
1559510689563, 26640, 511, 333, 482
1559510689576, 26653, 498, 359, 476
1559510689590, 26667, 489, 379, 468
1559510689603, 26679, 483, 397, 464
1559510689615, 26692, 481, 408, 461
1559510689630, 26705, 479, 409, 457
1559510689642, 26718, 479, 409, 456
1559510689655, 26731, 480, 407, 457
1559510689668, 26744, 478, 400, 456
1559510689682, 26758, 478, 392, 458
1559510689694, 26770, 480, 389, 466
1559510689707, 26783, 482, 394, 469
1559510689720, 26797, 483, 404, 469
1559510689734, 26810, 488, 424, 470
1559510689746, 26822, 493, 453, 474
1559510689759, 26835, 494, 487, 484
1559510689772, 26849, 492, 517, 493
1559510689785, 26861, 488, 543, 502
1559510689798, 26874, 491, 563, 517
1559510689811, 26888, 495, 579, 532
1559510689824, 26901, 506, 604, 554
1559510689836, 26913, 512, 653, 573
1559510689849, 26927, 493, 697, 564
1559510689863, 26940, 470, 715, 549
1559510689878, 26952, 465, 711, 552
1559510689889, 26966, 466, 703, 555
1559510689903, 26979, 466, 682, 553
1559510689915, 26992, 467, 660, 546
1559510689928, 27004, 469, 641, 537
1559510689942, 27018, 471, 624, 527
1559510689955, 27031, 469, 615, 517
1559510689967, 27043, 465, 612, 510
1559510689981, 27057, 461, 611, 504
1559510689994, 27070, 462, 604, 496
1559510690007, 27083, 462, 599, 488
1559510690020, 27096, 458, 599, 483
1559510690033, 27109, 451, 604, 484
1559510690046, 27122, 449, 604, 486
1559510690059, 27136, 451, 601, 484
1559510690072, 27148, 454, 597, 483
1559510690084, 27161, 456, 594, 484
1559510690097, 27174, 457, 592, 486
1559510690111, 27187, 458, 593, 486
1559510690124, 27200, 457, 596, 485
1559510690138, 27213, 457, 598, 485
1559510690150, 27227, 457, 599, 484
1559510690162, 27239, 458, 598, 484
1559510690176, 27252, 455, 598, 484
1559510690189, 27266, 457, 594, 483
1559510690201, 27278, 462, 587, 481
1559510690214, 27291, 463, 585, 480
1559510690228, 27304, 461, 588, 482
1559510690242, 27318, 458, 591, 483
1559510690254, 27330, 458, 594, 483
1559510690267, 27343, 458, 595, 482
1559510690280, 27357, 459, 595, 482
1559510690293, 27370, 459, 596, 483
1559510690306, 27382, 458, 598, 484
1559510690319, 27396, 458, 600, 483
1559510690332, 27409, 459, 599, 481
1559510690345, 27421, 461, 599, 481
1559510690358, 27435, 458, 597, 482
1559510690371, 27448, 458, 595, 483
1559510690383, 27461, 457, 593, 483
1559510690398, 27473, 459, 592, 482
1559510690410, 27487, 460, 593, 481
1559510690423, 27500, 460, 597, 479
1559510690436, 27512, 457, 601, 478
1559510690449, 27526, 455, 603, 476
1559510690463, 27539, 455, 607, 473
1559510690476, 27552, 455, 612, 471
1559510690489, 27565, 456, 617, 468
1559510690501, 27578, 454, 623, 466
1559510690514, 27591, 451, 629, 463
1559510690528, 27603, 448, 634, 461
1559510690541, 27617, 450, 627, 460
1559510690554, 27630, 452, 618, 461
1559510690566, 27643, 453, 612, 464
1559510690579, 27656, 455, 606, 465
1559510690592, 27669, 455, 607, 471
1559510690606, 27682, 452, 601, 477
1559510690618, 27696, 450, 588, 486
1559510690633, 27708, 450, 572, 498
1559510690645, 27721, 452, 553, 508
1559510690658, 27735, 454, 534, 515
1559510690671, 27747, 456, 518, 523
1559510690683, 27760, 454, 509, 532
1559510690697, 27773, 449, 498, 530
1559510690710, 27787, 448, 481, 515
1559510690724, 27799, 449, 468, 489
1559510690736, 27812, 453, 463, 473
1559510690749, 27826, 461, 461, 466
1559510690762, 27839, 479, 466, 466
1559510690775, 27851, 499, 472, 468
1559510690787, 27865, 504, 469, 460
1559510690801, 27878, 493, 460, 442
1559510690814, 27890, 485, 470, 430
1559510690827, 27904, 486, 495, 422
1559510690839, 27917, 501, 526, 420
1559510690853, 27930, 522, 549, 391
1559510690867, 27942, 530, 544, 349
1559510690880, 27956, 544, 540, 318
1559510690892, 27969, 553, 532, 307
1559510690906, 27981, 552, 528, 321
1559510690919, 27995, 539, 534, 348
1559510690932, 28008, 523, 537, 366
1559510690944, 28021, 511, 538, 377
1559510690958, 28034, 504, 534, 393
1559510690970, 28047, 498, 531, 414
1559510690983, 28060, 489, 532, 434
1559510690996, 28072, 476, 535, 445
1559510691009, 28086, 465, 537, 456
1559510691022, 28099, 457, 532, 470
1559510691036, 28112, 451, 521, 479
1559510691048, 28125, 451, 508, 486
1559510691062, 28138, 455, 501, 488
1559510691074, 28151, 458, 496, 483
1559510691088, 28165, 461, 495, 487
1559510691100, 28177, 459, 496, 486
1559510691113, 28190, 453, 493, 477
1559510691127, 28204, 456, 484, 468
1559510691140, 28216, 465, 477, 458
1559510691153, 28229, 476, 476, 448
1559510691166, 28242, 486, 472, 434
1559510691179, 28256, 495, 466, 422
1559510691192, 28268, 505, 475, 412
1559510691205, 28281, 513, 491, 406
1559510691218, 28295, 522, 504, 392
1559510691231, 28307, 532, 524, 377
1559510691244, 28320, 539, 524, 355
1559510691257, 28334, 544, 512, 347
1559510691269, 28347, 545, 504, 354
1559510691283, 28359, 532, 510, 373
1559510691295, 28372, 518, 519, 396
1559510691309, 28386, 507, 521, 416
1559510691321, 28399, 495, 520, 435
1559510691334, 28411, 482, 520, 448
1559510691348, 28425, 470, 516, 449
1559510691361, 28438, 464, 514, 447
1559510691374, 28450, 463, 512, 446
1559510691387, 28464, 464, 508, 441
1559510691400, 28477, 467, 501, 435
1559510691413, 28490, 470, 497, 434
1559510691426, 28503, 474, 495, 438
1559510691440, 28516, 474, 494, 436
1559510691452, 28529, 474, 495, 434
1559510691466, 28541, 475, 498, 435
1559510691479, 28555, 476, 502, 435
1559510691492, 28568, 480, 501, 429
1559510691504, 28581, 485, 500, 424
1559510691517, 28594, 491, 500, 420
1559510691531, 28607, 494, 502, 417
1559510691543, 28620, 497, 506, 414
1559510691557, 28634, 499, 510, 411
1559510691570, 28646, 499, 513, 407
1559510691583, 28659, 499, 516, 407
1559510691596, 28673, 496, 519, 410
1559510691610, 28685, 494, 520, 412
1559510691622, 28698, 492, 520, 414
1559510691634, 28711, 491, 518, 415
1559510691648, 28725, 490, 516, 417
1559510691660, 28737, 489, 514, 419
1559510691674, 28750, 487, 513, 420
1559510691686, 28764, 486, 513, 422
1559510691701, 28776, 484, 513, 423
1559510691713, 28789, 483, 512, 425
1559510691726, 28803, 483, 512, 426
1559510691738, 28816, 484, 511, 425
1559510691751, 28828, 485, 511, 423
1559510691766, 28841, 486, 511, 422
1559510691777, 28855, 487, 512, 421
1559510691790, 28867, 488, 512, 420
1559510691803, 28880, 488, 513, 420
1559510691816, 28894, 488, 514, 420
1559510691830, 28907, 488, 514, 420
1559510691843, 28919, 489, 514, 419
1559510691856, 28933, 490, 514, 418
1559510691870, 28946, 491, 515, 417
1559510691882, 28959, 490, 515, 418
1559510691895, 28972, 489, 515, 418
1559510691910, 28985, 488, 515, 419
1559510691921, 28998, 487, 515, 420
1559510691934, 29010, 487, 515, 421
1559510691947, 29024, 488, 514, 420
1559510691960, 29037, 488, 513, 419
1559510691973, 29050, 489, 513, 420
1559510691988, 29063, 488, 512, 421
1559510691999, 29076, 487, 513, 422
1559510692012, 29089, 486, 514, 422
1559510692026, 29102, 486, 515, 422
1559510692038, 29115, 485, 516, 423
1559510692053, 29128, 485, 516, 423
1559510692064, 29142, 486, 515, 421
1559510692078, 29154, 488, 514, 419
1559510692091, 29167, 489, 513, 418
1559510692104, 29180, 489, 514, 418
1559510692117, 29194, 488, 514, 418
1559510692129, 29206, 488, 513, 418
1559510692142, 29219, 488, 514, 419
1559510692156, 29233, 489, 515, 420
1559510692169, 29245, 489, 516, 420
1559510692182, 29258, 489, 516, 419
1559510692195, 29272, 489, 516, 419
1559510692207, 29285, 489, 515, 421
1559510692221, 29297, 489, 515, 421
1559510692234, 29310, 488, 516, 421
1559510692247, 29324, 488, 515, 422
1559510692260, 29336, 489, 515, 423
1559510692273, 29349, 489, 514, 424
1559510692286, 29363, 489, 513, 425
1559510692299, 29376, 489, 512, 425
1559510692313, 29388, 489, 512, 426
1559510692326, 29402, 490, 512, 426
1559510692339, 29415, 490, 513, 427
1559510692351, 29427, 489, 514, 428
1559510692364, 29441, 489, 515, 428
1559510692377, 29454, 489, 516, 428
1559510692390, 29467, 489, 518, 428
1559510692403, 29479, 489, 520, 428
1559510692418, 29493, 490, 522, 427
1559510692429, 29506, 490, 526, 426
1559510692442, 29519, 490, 530, 424
1559510692455, 29532, 490, 535, 421
1559510692468, 29545, 490, 536, 419
1559510692482, 29558, 490, 535, 417
1559510692495, 29571, 490, 534, 418
1559510692507, 29584, 490, 531, 418
1559510692520, 29597, 490, 530, 419
1559510692533, 29611, 490, 529, 419
1559510692547, 29623, 489, 528, 420
1559510692560, 29636, 490, 529, 420
1559510692574, 29649, 489, 530, 419
1559510692586, 29663, 489, 531, 419
1559510692598, 29675, 489, 532, 417
1559510692612, 29688, 489, 532, 416
1559510692624, 29702, 490, 532, 417
1559510692638, 29714, 491, 532, 417
1559510692651, 29727, 491, 531, 417
1559510692664, 29741, 491, 531, 418
1559510692677, 29754, 491, 532, 418
1559510692689, 29766, 492, 532, 419
1559510692703, 29779, 492, 532, 421
1559510692715, 29793, 491, 532, 420
1559510692729, 29805, 492, 533, 420
1559510692742, 29818, 492, 534, 420
1559510692754, 29832, 493, 533, 420
1559510692767, 29845, 492, 532, 421
1559510692780, 29857, 491, 532, 420
1559510692793, 29871, 491, 533, 420
1559510692807, 29884, 492, 533, 420
1559510692821, 29896, 492, 534, 420
1559510692833, 29910, 491, 534, 420
1559510692847, 29923, 491, 534, 422
1559510692859, 29936, 492, 534, 422
1559510692872, 29948, 491, 534, 422
1559510692885, 29962, 491, 534, 422
1559510692898, 29975, 491, 534, 421
1559510692912, 29988, 491, 535, 421
1559510692924, 30001, 492, 536, 421
1559510692939, 30014, 492, 537, 420
1559510692951, 30027, 493, 537, 420
1559510692964, 30040, 493, 536, 420
1559510692977, 30053, 493, 536, 420
1559510692989, 30066, 494, 535, 419
1559510693004, 30080, 494, 535, 419
1559510693015, 30092, 494, 535, 419
1559510693029, 30105, 494, 535, 419
1559510693042, 30118, 495, 535, 419
1559510693055, 30131, 495, 536, 419
1559510693069, 30144, 495, 535, 419
1559510693080, 30157, 495, 535, 418
1559510693095, 30171, 495, 535, 419
1559510693107, 30183, 495, 535, 420
1559510693120, 30196, 495, 535, 421
1559510693134, 30210, 494, 535, 421
1559510693145, 30223, 494, 535, 422
1559510693159, 30235, 494, 535, 422
1559510693172, 30248, 495, 534, 422
1559510693185, 30262, 494, 533, 423
1559510693197, 30274, 494, 533, 423
1559510693212, 30287, 495, 534, 423
1559510693223, 30301, 495, 535, 424
1559510693237, 30314, 494, 534, 424
1559510693250, 30326, 493, 533, 425
1559510693264, 30340, 493, 532, 424
1559510693275, 30353, 493, 533, 424
1559510693289, 30365, 494, 533, 423
1559510693303, 30379, 494, 534, 422
1559510693315, 30392, 494, 535, 421
1559510693329, 30405, 494, 535, 420
1559510693342, 30417, 493, 535, 421
1559510693354, 30431, 493, 535, 421
1559510693367, 30444, 493, 535, 421
1559510693381, 30456, 492, 534, 420
1559510693394, 30470, 493, 535, 421
1559510693406, 30483, 493, 536, 420
1559510693419, 30496, 494, 537, 420
1559510693433, 30509, 493, 537, 419
1559510693446, 30522, 493, 539, 418
1559510693459, 30535, 493, 538, 421
1559510693472, 30548, 494, 535, 423
1559510693485, 30561, 493, 536, 423
1559510693497, 30574, 493, 537, 423
1559510693511, 30587, 493, 537, 423
1559510693524, 30600, 493, 538, 424
1559510693537, 30613, 493, 538, 423
1559510693550, 30626, 493, 538, 423
1559510693562, 30640, 493, 537, 422
1559510693576, 30652, 493, 537, 423
1559510693589, 30665, 494, 536, 424
1559510693601, 30679, 494, 536, 423
1559510693614, 30692, 493, 535, 422
1559510693627, 30704, 493, 535, 422
1559510693642, 30717, 493, 536, 422
1559510693654, 30731, 493, 536, 422
1559510693666, 30743, 493, 537, 423
1559510693680, 30756, 492, 537, 422
1559510693693, 30770, 492, 538, 422
1559510693705, 30783, 492, 538, 422
1559510693719, 30795, 492, 538, 422
1559510693731, 30809, 492, 537, 422
1559510693744, 30822, 493, 537, 421
1559510693759, 30834, 493, 537, 422
1559510693771, 30848, 493, 538, 422
1559510693785, 30861, 492, 538, 422
1559510693798, 30874, 492, 539, 422
1559510693810, 30886, 492, 539, 422
1559510693823, 30900, 493, 539, 422
1559510693837, 30913, 493, 538, 422
1559510693849, 30925, 492, 536, 423
1559510693862, 30939, 492, 536, 423
1559510693875, 30952, 493, 536, 423
1559510693888, 30965, 493, 536, 423
1559510693902, 30978, 493, 536, 423
1559510693915, 30991, 492, 535, 424
1559510693927, 31004, 492, 535, 424
1559510693941, 31017, 492, 536, 424
1559510693953, 31030, 492, 537, 424
1559510693967, 31043, 492, 537, 425
1559510693980, 31056, 493, 537, 424
1559510693993, 31069, 494, 538, 423
1559510694005, 31082, 494, 538, 422
1559510694019, 31095, 494, 538, 422
1559510694031, 31109, 494, 537, 421
1559510694045, 31121, 496, 537, 418
1559510694058, 31134, 498, 537, 415
1559510694070, 31148, 499, 537, 413
1559510694084, 31161, 499, 536, 413
1559510694097, 31173, 497, 533, 416
1559510694110, 31186, 495, 532, 419
1559510694123, 31200, 493, 531, 422
1559510694136, 31212, 492, 531, 423
1559510694149, 31225, 491, 531, 423
1559510694162, 31239, 492, 532, 424
1559510694175, 31252, 491, 534, 424
1559510694188, 31264, 491, 537, 426
1559510694202, 31278, 490, 539, 426
1559510694214, 31291, 489, 539, 426
1559510694226, 31303, 489, 538, 427
1559510694239, 31316, 489, 538, 428
1559510694254, 31330, 490, 538, 428
1559510694266, 31343, 491, 537, 428
1559510694280, 31355, 491, 537, 429
1559510694292, 31369, 492, 536, 430
1559510694305, 31382, 494, 537, 428
1559510694319, 31394, 494, 543, 426
1559510694332, 31408, 493, 545, 425
1559510694344, 31421, 494, 544, 424
1559510694357, 31434, 495, 539, 423
1559510694370, 31447, 496, 535, 423
1559510694383, 31460, 495, 533, 422
1559510694397, 31473, 495, 532, 423
1559510694409, 31486, 494, 533, 422
1559510694423, 31499, 493, 535, 422
1559510694436, 31512, 493, 536, 422
1559510694449, 31525, 493, 535, 421
1559510694462, 31538, 493, 534, 420
1559510694475, 31551, 493, 534, 420
1559510694488, 31564, 493, 534, 420
1559510694501, 31578, 493, 534, 420
1559510694514, 31590, 492, 534, 420
1559510694527, 31603, 492, 533, 420
1559510694553, 31629, 493, 536, 421
1559510694566, 31642, 492, 536, 421
1559510694579, 31655, 492, 536, 421
1559510694593, 31669, 492, 536, 421
1559510694605, 31681, 492, 537, 421
1559510694618, 31694, 491, 538, 422
1559510694630, 31708, 491, 537, 421
1559510694644, 31721, 491, 537, 420
1559510694658, 31733, 492, 536, 417
1559510694670, 31747, 494, 534, 414
1559510694683, 31760, 495, 530, 411
1559510694695, 31772, 496, 528, 409
1559510694709, 31785, 497, 529, 408
1559510694723, 31799, 497, 531, 409
1559510694736, 31812, 496, 533, 411
1559510694748, 31824, 494, 535, 413
1559510694761, 31838, 493, 537, 415
1559510694775, 31851, 492, 538, 418
1559510694788, 31863, 491, 539, 420
1559510694800, 31877, 489, 540, 421
1559510694814, 31890, 489, 539, 420
1559510694826, 31903, 488, 539, 418
1559510694840, 31916, 488, 539, 418
1559510694853, 31929, 487, 537, 417
1559510694866, 31942, 487, 537, 416
1559510694879, 31954, 487, 535, 415
1559510694892, 31968, 488, 533, 416
1559510694905, 31981, 487, 533, 417
1559510694917, 31994, 485, 535, 416
1559510694931, 32007, 483, 536, 418
1559510694944, 32020, 481, 539, 419
1559510694957, 32033, 480, 544, 420
1559510694970, 32047, 479, 544, 419
1559510694983, 32059, 478, 543, 419
1559510694995, 32072, 476, 541, 420
1559510695009, 32086, 474, 538, 419
1559510695021, 32098, 471, 540, 424
1559510695035, 32111, 469, 544, 427
1559510695048, 32124, 467, 550, 427
1559510695061, 32138, 464, 553, 423
1559510695074, 32150, 464, 557, 417
1559510695086, 32163, 465, 555, 418
1559510695100, 32177, 464, 558, 422
1559510695113, 32189, 463, 556, 425
1559510695125, 32202, 461, 556, 424
1559510695140, 32216, 459, 558, 426
1559510695151, 32229, 456, 560, 440
1559510695165, 32241, 453, 556, 448
1559510695179, 32254, 454, 534, 449
1559510695192, 32268, 463, 499, 454
1559510695204, 32280, 475, 460, 469
1559510695217, 32293, 484, 430, 474
1559510695230, 32307, 484, 413, 461
1559510695244, 32320, 483, 412, 459
1559510695256, 32332, 487, 424, 475
1559510695269, 32346, 473, 443, 496
1559510695282, 32359, 467, 441, 514
1559510695295, 32372, 467, 429, 524
1559510695308, 32385, 473, 414, 523
1559510695322, 32398, 483, 400, 518
1559510695334, 32411, 487, 394, 511
1559510695347, 32423, 488, 382, 513
1559510695360, 32437, 491, 372, 519
1559510695374, 32450, 490, 368, 525
1559510695386, 32463, 490, 365, 526
1559510695400, 32476, 489, 358, 517
1559510695412, 32489, 488, 350, 504
1559510695425, 32502, 486, 334, 496
1559510695438, 32515, 489, 311, 494
1559510695452, 32528, 497, 285, 500
1559510695465, 32541, 506, 264, 508
1559510695478, 32555, 526, 242, 521
1559510695490, 32567, 542, 234, 518
1559510695504, 32580, 552, 250, 512
1559510695516, 32593, 570, 283, 534
1559510695530, 32607, 573, 324, 523
1559510695543, 32619, 590, 362, 544
1559510695556, 32632, 610, 391, 589
1559510695568, 32646, 643, 416, 655
1559510695581, 32658, 681, 486, 734
1559510695595, 32671, 670, 570, 780
1559510695608, 32685, 620, 687, 786
1559510695621, 32698, 550, 781, 761
1559510695634, 32710, 479, 851, 715
1559510695647, 32723, 477, 909, 678
1559510695660, 32737, 479, 885, 642
1559510695673, 32749, 477, 752, 568
1559510695686, 32762, 457, 531, 303
1559510695698, 32776, 507, 476, 382
1559510695712, 32789, 533, 581, 503
1559510695725, 32801, 460, 682, 548
1559510695738, 32815, 420, 723, 591
1559510695751, 32828, 445, 702, 615
1559510695764, 32841, 473, 645, 598
1559510695777, 32854, 479, 614, 562
1559510695791, 32867, 469, 635, 522
1559510695803, 32880, 461, 674, 523
1559510695816, 32892, 454, 710, 529
1559510695829, 32906, 458, 709, 547
1559510695842, 32919, 471, 689, 561
1559510695855, 32932, 482, 668, 574
1559510695869, 32945, 486, 644, 585
1559510695882, 32958, 491, 621, 598
1559510695894, 32971, 502, 591, 612
1559510695908, 32984, 512, 550, 620
1559510695920, 32997, 530, 485, 614
1559510695933, 33010, 547, 437, 621
1559510695947, 33024, 578, 378, 617
1559510695960, 33036, 576, 347, 598
1559510695973, 33049, 613, 335, 612
1559510695986, 33062, 610, 224, 400
1559510695998, 33076, 563, 99, 300
1559510696012, 33088, 588, 304, 533
1559510696024, 33101, 522, 390, 514
1559510696038, 33115, 465, 433, 480
1559510696050, 33127, 463, 445, 501
1559510696064, 33140, 486, 420, 512
1559510696077, 33154, 502, 399, 514
1559510696091, 33167, 501, 386, 502
1559510696102, 33179, 502, 373, 491
1559510696117, 33192, 502, 373, 481
1559510696128, 33206, 500, 380, 478
1559510696142, 33218, 494, 389, 488
1559510696156, 33231, 489, 395, 495
1559510696168, 33245, 487, 397, 499
1559510696181, 33258, 487, 401, 503
1559510696194, 33270, 487, 406, 504
1559510696208, 33284, 487, 408, 498
1559510696220, 33297, 489, 408, 491
1559510696233, 33309, 492, 405, 487
1559510696247, 33323, 493, 401, 487
1559510696259, 33336, 493, 396, 484
1559510696272, 33349, 493, 395, 482
1559510696286, 33361, 496, 392, 485
1559510696298, 33375, 498, 384, 483
1559510696311, 33388, 504, 368, 471
1559510696324, 33400, 511, 342, 459
1559510696337, 33414, 519, 312, 449
1559510696350, 33427, 526, 288, 446
1559510696363, 33440, 530, 277, 457
1559510696376, 33453, 539, 278, 474
1559510696390, 33466, 553, 278, 472
1559510696402, 33479, 569, 284, 499
1559510696415, 33492, 578, 309, 523
1559510696429, 33505, 584, 335, 551
1559510696441, 33518, 591, 374, 585
1559510696455, 33531, 590, 405, 620
1559510696468, 33544, 591, 436, 665
1559510696481, 33557, 596, 439, 729
1559510696494, 33570, 599, 504, 759
1559510696506, 33584, 607, 591, 767
1559510696520, 33596, 593, 678, 757
1559510696532, 33609, 552, 785, 709
1559510696546, 33623, 456, 859, 617
1559510696558, 33636, 401, 895, 518
1559510696572, 33648, 436, 742, 475
1559510696586, 33661, 486, 656, 531
1559510696598, 33675, 486, 643, 590
1559510696611, 33687, 463, 658, 612
1559510696624, 33700, 446, 665, 593
1559510696637, 33714, 449, 642, 557
1559510696650, 33727, 458, 615, 529
1559510696663, 33739, 460, 616, 531
1559510696676, 33753, 453, 634, 535
1559510696688, 33766, 446, 646, 529
1559510696702, 33778, 448, 644, 519
1559510696716, 33792, 456, 614, 514
1559510696729, 33805, 465, 593, 528
1559510696741, 33818, 477, 576, 542
1559510696754, 33830, 488, 554, 555
1559510696767, 33844, 492, 523, 571
1559510696780, 33857, 490, 502, 589
1559510696794, 33869, 495, 461, 597
1559510696806, 33883, 513, 407, 585
1559510696819, 33896, 532, 365, 570
1559510696833, 33909, 546, 297, 541
1559510696845, 33922, 545, 277, 544
1559510696858, 33935, 533, 269, 543
1559510696871, 33948, 512, 240, 503
1559510696884, 33961, 499, 265, 494
1559510696899, 33974, 492, 351, 497
1559510696911, 33987, 479, 397, 480
1559510696924, 34000, 472, 397, 471
1559510696938, 34013, 475, 380, 478
1559510696950, 34026, 479, 363, 491
1559510696963, 34039, 479, 341, 497
1559510696977, 34053, 481, 334, 499
1559510696988, 34065, 483, 327, 501
1559510697003, 34078, 484, 324, 502
1559510697015, 34092, 486, 326, 498
1559510697027, 34104, 493, 336, 505
1559510697042, 34117, 501, 348, 512
1559510697054, 34130, 515, 368, 539
1559510697066, 34144, 528, 403, 565
1559510697080, 34156, 544, 445, 597
1559510697093, 34169, 567, 493, 639
1559510697106, 34183, 586, 556, 687
1559510697120, 34195, 557, 619, 692
1559510697132, 34208, 524, 708, 662
1559510697145, 34222, 508, 771, 631
1559510697158, 34235, 485, 789, 600
1559510697171, 34247, 460, 771, 568
1559510697185, 34260, 456, 682, 541
1559510697197, 34274, 470, 635, 542
1559510697210, 34287, 472, 633, 558
1559510697224, 34299, 462, 637, 555
1559510697236, 34313, 444, 621, 539
1559510697249, 34326, 445, 604, 519
1559510697262, 34338, 451, 582, 503
1559510697275, 34352, 448, 565, 503
1559510697290, 34365, 441, 565, 516
1559510697302, 34378, 436, 569, 524
1559510697315, 34391, 434, 575, 522
1559510697328, 34404, 439, 583, 514
1559510697340, 34417, 443, 591, 507
1559510697354, 34429, 444, 599, 500
1559510697366, 34443, 441, 604, 493
1559510697380, 34456, 444, 602, 494
1559510697393, 34469, 443, 599, 498
1559510697405, 34482, 445, 598, 505
1559510697419, 34495, 449, 596, 510
1559510697432, 34508, 448, 600, 516
1559510697445, 34522, 446, 604, 514
1559510697458, 34534, 445, 611, 510
1559510697470, 34547, 445, 611, 508
1559510697483, 34561, 447, 605, 505
1559510697497, 34573, 446, 603, 510
1559510697509, 34586, 446, 598, 511
1559510697522, 34599, 444, 595, 512
1559510697536, 34613, 442, 595, 512
1559510697550, 34625, 441, 594, 511
1559510697563, 34638, 447, 592, 507
1559510697575, 34652, 443, 590, 502
1559510697588, 34664, 440, 600, 499
1559510697600, 34677, 439, 602, 492
1559510697614, 34691, 437, 592, 485
1559510697628, 34704, 441, 578, 484
1559510697640, 34716, 446, 566, 484
1559510697653, 34729, 444, 562, 486
1559510697667, 34743, 437, 565, 485
1559510697679, 34756, 434, 585, 483
1559510697693, 34768, 434, 607, 480
1559510697706, 34782, 437, 618, 475
1559510697718, 34795, 442, 622, 478
1559510697732, 34807, 452, 604, 484
1559510697744, 34821, 459, 583, 489
1559510697757, 34834, 464, 574, 498
1559510697770, 34847, 469, 575, 520
1559510697783, 34860, 469, 544, 536
1559510697796, 34873, 462, 495, 543
1559510697810, 34886, 464, 451, 556
1559510697822, 34898, 497, 419, 585
1559510697835, 34912, 537, 382, 601
1559510697848, 34925, 572, 325, 572
1559510697862, 34938, 571, 226, 442
1559510697875, 34951, 541, 194, 285
1559510697888, 34964, 610, 286, 420
1559510697901, 34977, 574, 359, 469
1559510697915, 34991, 526, 388, 489
1559510697927, 35003, 488, 425, 515
1559510697940, 35016, 466, 450, 524
1559510697953, 35030, 468, 448, 515
1559510697967, 35042, 483, 435, 497
1559510697979, 35055, 495, 411, 482
1559510697992, 35068, 501, 388, 472
1559510698004, 35082, 501, 368, 463
1559510698018, 35094, 503, 356, 457
1559510698031, 35107, 505, 349, 449
1559510698043, 35121, 511, 342, 454
1559510698057, 35133, 514, 332, 445
1559510698069, 35146, 519, 329, 456
1559510698083, 35160, 524, 330, 464
1559510698095, 35173, 525, 328, 469
1559510698109, 35185, 528, 331, 481
1559510698122, 35198, 529, 341, 497
1559510698135, 35212, 531, 373, 532
1559510698149, 35224, 533, 403, 564
1559510698161, 35237, 533, 436, 601
1559510698175, 35251, 533, 465, 638
1559510698187, 35264, 540, 499, 672
1559510698200, 35276, 551, 585, 689
1559510698213, 35290, 547, 750, 677
1559510698228, 35303, 507, 873, 635
1559510698239, 35316, 437, 872, 567
1559510698252, 35329, 422, 758, 536
1559510698265, 35342, 462, 646, 539
1559510698278, 35355, 473, 583, 515
1559510698292, 35367, 468, 556, 499
1559510698304, 35381, 460, 566, 514
1559510698317, 35394, 451, 604, 542
1559510698331, 35407, 436, 630, 538
1559510698343, 35420, 425, 659, 507
1559510698356, 35433, 432, 672, 493
1559510698370, 35446, 450, 639, 497
1559510698383, 35460, 457, 618, 502
1559510698396, 35472, 453, 625, 511
1559510698409, 35485, 450, 637, 513
1559510698422, 35499, 453, 632, 517
1559510698435, 35511, 456, 600, 525
1559510698448, 35524, 470, 553, 533
1559510698462, 35537, 484, 508, 534
1559510698474, 35551, 495, 467, 521
1559510698486, 35563, 505, 439, 517
1559510698500, 35576, 510, 420, 528
1559510698512, 35590, 524, 409, 574
1559510698526, 35602, 552, 392, 627
1559510698539, 35615, 565, 292, 513
1559510698551, 35629, 523, 122, 258
1559510698565, 35642, 585, 260, 500
1559510698580, 35654, 536, 306, 475
1559510698591, 35667, 510, 355, 482
1559510698604, 35681, 505, 391, 489
1559510698617, 35693, 500, 410, 480
1559510698630, 35706, 494, 406, 473
1559510698644, 35720, 490, 391, 473
1559510698657, 35733, 493, 370, 472
1559510698669, 35745, 497, 365, 475
1559510698682, 35759, 497, 365, 477
1559510698695, 35772, 496, 375, 477
1559510698709, 35785, 491, 391, 473
1559510698721, 35798, 492, 410, 479
1559510698734, 35811, 499, 439, 498
1559510698748, 35824, 503, 470, 522
1559510698761, 35836, 497, 495, 544
1559510698773, 35850, 486, 522, 576
1559510698787, 35863, 469, 531, 592
1559510698799, 35876, 471, 528, 595
1559510698813, 35889, 499, 549, 620
1559510698826, 35902, 537, 623, 634
1559510698839, 35915, 535, 734, 612
1559510698851, 35928, 471, 818, 560
1559510698866, 35941, 416, 835, 507
1559510698879, 35954, 419, 729, 468
1559510698891, 35968, 465, 614, 460
1559510698903, 35980, 486, 581, 480
1559510698916, 35993, 479, 582, 496
1559510698930, 36006, 465, 591, 515
1559510698943, 36020, 456, 606, 526
1559510698956, 36032, 453, 603, 519
1559510698970, 36045, 457, 592, 507
1559510698982, 36059, 464, 592, 500
1559510698996, 36071, 464, 601, 497
1559510699008, 36084, 464, 609, 499
1559510699020, 36098, 464, 616, 505
1559510699033, 36111, 464, 625, 508
1559510699047, 36123, 461, 626, 506
1559510699060, 36136, 460, 617, 502
1559510699073, 36150, 461, 607, 500
1559510699085, 36162, 463, 603, 503
1559510699099, 36175, 464, 607, 508
1559510699113, 36189, 460, 615, 510
1559510699126, 36202, 457, 622, 512
1559510699138, 36214, 449, 623, 508
1559510699152, 36228, 448, 620, 504
1559510699164, 36241, 450, 614, 502
1559510699178, 36253, 452, 606, 500
1559510699190, 36267, 452, 597, 496
1559510699204, 36280, 451, 593, 495
1559510699216, 36293, 450, 590, 496
1559510699230, 36305, 449, 584, 498
1559510699243, 36319, 450, 580, 500
1559510699255, 36332, 452, 581, 502
1559510699269, 36345, 454, 585, 501
1559510699282, 36358, 455, 590, 498
1559510699295, 36371, 453, 592, 493
1559510699307, 36384, 452, 590, 487
1559510699320, 36397, 452, 586, 483
1559510699334, 36410, 452, 584, 480
1559510699346, 36423, 454, 586, 480
1559510699360, 36436, 453, 588, 480
1559510699373, 36449, 453, 591, 481
1559510699385, 36462, 452, 591, 481
1559510699398, 36475, 451, 588, 479
1559510699412, 36489, 451, 584, 478
1559510699425, 36501, 452, 585, 477
1559510699438, 36514, 451, 586, 476
1559510699452, 36528, 450, 589, 477
1559510699464, 36540, 452, 590, 478
1559510699476, 36553, 453, 589, 477
1559510699490, 36567, 452, 588, 475
1559510699502, 36580, 452, 586, 473
1559510699515, 36592, 452, 584, 472
1559510699529, 36605, 452, 583, 473
1559510699542, 36619, 451, 582, 474
1559510699555, 36631, 450, 582, 477
1559510699568, 36644, 452, 583, 479
1559510699581, 36658, 453, 585, 479
1559510699594, 36671, 453, 590, 477
1559510699607, 36683, 454, 595, 474
1559510699621, 36697, 454, 597, 470
1559510699633, 36710, 454, 599, 468
1559510699647, 36723, 457, 602, 467
1559510699659, 36736, 461, 600, 465
1559510699672, 36749, 463, 597, 461
1559510699686, 36762, 462, 596, 459
1559510699699, 36774, 460, 594, 458
1559510699711, 36788, 454, 589, 461
1559510699724, 36801, 451, 584, 470
1559510699738, 36814, 448, 578, 479
1559510699751, 36827, 444, 569, 486
1559510699764, 36840, 440, 564, 491
1559510699777, 36853, 439, 561, 496
1559510699789, 36866, 439, 558, 499
1559510699804, 36879, 437, 560, 497
1559510699816, 36892, 435, 569, 494
1559510699829, 36905, 432, 578, 490
1559510699842, 36918, 430, 584, 486
1559510699855, 36931, 430, 583, 486
1559510699868, 36944, 433, 579, 489
1559510699881, 36958, 434, 574, 488
1559510699894, 36970, 433, 572, 485
1559510699908, 36983, 434, 573, 483
1559510699920, 36997, 434, 572, 481
1559510699932, 37009, 433, 572, 480
1559510699946, 37022, 432, 574, 481
1559510699960, 37036, 427, 578, 480
1559510699972, 37049, 429, 584, 484
1559510699986, 37061, 433, 584, 486
1559510699997, 37074, 433, 579, 483
1559510700011, 37088, 434, 577, 480
1559510700025, 37100, 436, 575, 477
1559510700037, 37113, 435, 572, 475
1559510700050, 37127, 437, 573, 476
1559510700064, 37140, 437, 572, 476
1559510700076, 37152, 436, 574, 476
1559510700090, 37166, 437, 576, 478
1559510700102, 37179, 437, 574, 479
1559510700116, 37192, 435, 571, 478
1559510700129, 37204, 436, 569, 479
1559510700143, 37218, 436, 563, 479
1559510700154, 37231, 437, 556, 479
1559510700167, 37243, 436, 552, 478
1559510700181, 37257, 436, 551, 477
1559510700193, 37270, 436, 553, 475
1559510700206, 37283, 435, 554, 471
1559510700219, 37296, 435, 555, 470
1559510700233, 37309, 437, 554, 471
1559510700249, 37322, 437, 551, 471
1559510700259, 37335, 436, 551, 472
1559510700272, 37348, 436, 555, 476
1559510700287, 37361, 435, 558, 480
1559510700298, 37374, 434, 562, 482
1559510700311, 37387, 435, 565, 482
1559510700324, 37400, 435, 566, 480
1559510700338, 37413, 436, 567, 480
1559510700350, 37427, 438, 569, 482
1559510700363, 37439, 437, 572, 484
1559510700376, 37452, 437, 579, 488
1559510700388, 37466, 437, 585, 491
1559510700402, 37478, 437, 589, 492
1559510700415, 37491, 437, 590, 491
1559510700428, 37505, 436, 589, 488
1559510700443, 37518, 437, 588, 487
1559510700454, 37530, 439, 583, 486
1559510700467, 37543, 439, 577, 487
1559510700481, 37557, 442, 574, 490
1559510700492, 37569, 442, 576, 493
1559510700506, 37582, 441, 582, 495
1559510700519, 37596, 441, 589, 495
1559510700532, 37609, 439, 594, 493
1559510700545, 37621, 439, 595, 490
1559510700558, 37635, 439, 591, 489
1559510700572, 37648, 441, 583, 491
1559510700585, 37660, 444, 581, 495
1559510700597, 37673, 443, 583, 496
1559510700611, 37687, 443, 590, 497
1559510700624, 37700, 442, 597, 496
1559510700637, 37712, 441, 602, 496
1559510700649, 37726, 440, 602, 495
1559510700663, 37739, 441, 594, 495
1559510700675, 37752, 443, 585, 496
1559510700688, 37765, 444, 579, 497
1559510700702, 37778, 445, 580, 500
1559510700715, 37791, 445, 587, 501
1559510700727, 37804, 443, 595, 498
1559510700741, 37817, 443, 602, 497
1559510700754, 37830, 443, 602, 496
1559510700767, 37843, 442, 598, 496
1559510700780, 37856, 444, 593, 497
1559510700793, 37869, 446, 589, 499
1559510700805, 37882, 446, 589, 500
1559510700819, 37896, 445, 593, 499
1559510700832, 37908, 444, 596, 498
1559510700845, 37921, 444, 594, 498
1559510700857, 37935, 444, 590, 498
1559510700871, 37947, 444, 589, 501
1559510700884, 37960, 446, 588, 502
1559510700896, 37974, 445, 587, 502
1559510700909, 37987, 445, 588, 501
1559510700923, 37999, 446, 593, 499
1559510700936, 38012, 445, 596, 498
1559510700948, 38026, 444, 597, 499
1559510700962, 38038, 445, 596, 501
1559510700975, 38051, 445, 593, 502
1559510700988, 38065, 446, 591, 505
1559510701002, 38078, 447, 590, 506
1559510701014, 38090, 446, 590, 505
1559510701028, 38104, 445, 593, 502
1559510701040, 38117, 444, 596, 500
1559510701053, 38129, 444, 593, 503
1559510701066, 38142, 445, 586, 507
1559510701080, 38156, 448, 584, 509
1559510701093, 38169, 447, 589, 506
1559510701105, 38181, 445, 598, 502
1559510701119, 38195, 444, 606, 500
1559510701131, 38208, 444, 608, 499
1559510701145, 38221, 444, 603, 498
1559510701158, 38234, 446, 595, 500
1559510701170, 38247, 447, 588, 502
1559510701184, 38260, 446, 583, 503
1559510701198, 38273, 445, 588, 504
1559510701211, 38286, 444, 594, 502
1559510701224, 38299, 444, 594, 502
1559510701236, 38312, 444, 593, 501
1559510701248, 38325, 445, 591, 499
1559510701261, 38338, 447, 589, 498
1559510701274, 38351, 448, 589, 497
1559510701287, 38365, 447, 590, 496
1559510701301, 38377, 447, 591, 496
1559510701314, 38390, 445, 591, 497
1559510701327, 38404, 445, 590, 498
1559510701340, 38416, 445, 588, 499
1559510701353, 38429, 448, 587, 501
1559510701365, 38443, 451, 586, 501
1559510701378, 38456, 446, 587, 491
1559510701392, 38468, 444, 594, 487
1559510701405, 38481, 450, 623, 489
1559510701418, 38495, 430, 601, 487
1559510701431, 38507, 448, 585, 508
1559510701444, 38520, 452, 585, 492
1559510701456, 38534, 441, 594, 480
1559510701469, 38547, 447, 600, 487
1559510701483, 38559, 448, 595, 489
1559510701497, 38573, 446, 586, 493
1559510701509, 38586, 445, 583, 501
1559510701523, 38598, 443, 583, 496
1559510701535, 38611, 443, 584, 493
1559510701548, 38625, 445, 583, 490
1559510701561, 38638, 447, 579, 486
1559510701575, 38650, 448, 583, 480
1559510701587, 38664, 447, 586, 486
1559510701602, 38677, 447, 585, 491
1559510701614, 38690, 447, 584, 490
1559510701626, 38703, 447, 586, 490
1559510701640, 38716, 445, 582, 484
1559510701653, 38729, 443, 582, 482
1559510701665, 38742, 445, 590, 488
1559510701679, 38755, 445, 590, 491
1559510701693, 38768, 447, 592, 491
1559510701705, 38781, 446, 593, 487
1559510701718, 38794, 446, 592, 486
1559510701730, 38807, 445, 589, 487
1559510701744, 38820, 445, 587, 489
1559510701758, 38834, 446, 588, 489
1559510701769, 38846, 446, 588, 487
1559510701783, 38859, 445, 595, 480
1559510701796, 38873, 444, 588, 477
1559510701808, 38885, 443, 582, 482
1559510701822, 38898, 444, 588, 488
1559510701835, 38912, 444, 593, 487
1559510701847, 38925, 444, 583, 486
1559510701860, 38937, 445, 578, 488
1559510701873, 38950, 446, 583, 492
1559510701887, 38964, 441, 586, 492
1559510701899, 38976, 439, 582, 492
1559510701913, 38989, 439, 581, 490
1559510701926, 39003, 438, 584, 493
1559510701938, 39016, 439, 586, 497
1559510701951, 39028, 439, 585, 499
1559510701965, 39042, 439, 585, 498
1559510701978, 39055, 440, 583, 498
1559510701991, 39067, 439, 583, 506
1559510702005, 39080, 433, 592, 509
1559510702017, 39094, 431, 579, 493
1559510702031, 39107, 442, 582, 485
1559510702043, 39119, 448, 580, 486
1559510702056, 39133, 446, 585, 488
1559510702069, 39146, 439, 594, 496
1559510702082, 39158, 435, 594, 503
1559510702095, 39172, 436, 598, 502
1559510702108, 39185, 438, 592, 490
1559510702122, 39198, 443, 579, 483
1559510702134, 39211, 442, 581, 484
1559510702148, 39224, 438, 578, 481
1559510702161, 39237, 437, 576, 485
1559510702174, 39250, 436, 575, 491
1559510702188, 39263, 434, 579, 498
1559510702200, 39276, 434, 580, 503
1559510702213, 39289, 434, 575, 501
1559510702225, 39302, 436, 576, 498
1559510702238, 39315, 434, 582, 499
1559510702251, 39328, 434, 578, 500
1559510702265, 39342, 435, 576, 501
1559510702278, 39354, 434, 577, 496
1559510702290, 39367, 432, 586, 499
1559510702303, 39380, 432, 575, 497
1559510702316, 39394, 432, 564, 499
1559510702329, 39406, 429, 559, 501
1559510702343, 39419, 432, 540, 521
1559510702357, 39433, 438, 590, 509
1559510702369, 39445, 431, 597, 512
1559510702382, 39458, 423, 615, 506
1559510702395, 39472, 429, 582, 509
1559510702407, 39485, 434, 583, 514
1559510702421, 39497, 433, 579, 516
1559510702435, 39511, 431, 580, 517
1559510702448, 39524, 429, 581, 519
1559510702460, 39536, 429, 579, 517
1559510702474, 39549, 430, 575, 515
1559510702486, 39563, 433, 576, 513
1559510702500, 39576, 432, 576, 509
1559510702513, 39588, 431, 581, 511
1559510702525, 39602, 431, 578, 509
1559510702539, 39615, 429, 578, 511
1559510702551, 39627, 429, 581, 515
1559510702564, 39641, 430, 576, 513
1559510702577, 39654, 429, 575, 512
1559510702590, 39667, 429, 579, 515
1559510702603, 39680, 429, 579, 516
1559510702617, 39693, 431, 575, 513
1559510702629, 39706, 432, 575, 513
1559510702642, 39719, 433, 575, 513
1559510702656, 39732, 431, 576, 515
1559510702669, 39745, 431, 578, 520
1559510702682, 39758, 433, 580, 517
1559510702695, 39771, 430, 574, 516
1559510702708, 39784, 430, 585, 514
1559510702720, 39797, 433, 584, 516
1559510702734, 39811, 434, 576, 516
1559510702747, 39823, 434, 582, 517
1559510702760, 39836, 431, 588, 517
1559510702773, 39849, 433, 581, 517
1559510702786, 39863, 434, 572, 518
1559510702799, 39875, 434, 578, 520
1559510702812, 39888, 431, 589, 524
1559510702825, 39902, 432, 582, 523
1559510702837, 39914, 433, 583, 519
1559510702852, 39927, 434, 579, 516
1559510702864, 39941, 434, 579, 518
1559510702876, 39954, 435, 583, 517
1559510702889, 39966, 434, 582, 521
1559510702904, 39980, 432, 581, 517
1559510702917, 39993, 433, 585, 515
1559510702930, 40005, 435, 581, 517
1559510702943, 40018, 434, 579, 516
1559510702955, 40032, 433, 582, 517
1559510702968, 40045, 433, 583, 518
1559510702981, 40057, 435, 582, 521
1559510702994, 40071, 433, 576, 518
1559510703007, 40084, 433, 579, 518
1559510703020, 40096, 434, 582, 517
1559510703033, 40110, 434, 579, 516
1559510703046, 40123, 433, 576, 512
1559510703059, 40136, 436, 587, 513
1559510703072, 40148, 435, 585, 520
1559510703086, 40162, 436, 586, 524
1559510703099, 40175, 432, 591, 527
1559510703112, 40188, 434, 576, 528
1559510703125, 40201, 436, 584, 528
1559510703138, 40214, 433, 584, 528
1559510703150, 40227, 434, 593, 524
1559510703164, 40240, 435, 585, 523
1559510703177, 40253, 440, 582, 526
1559510703190, 40266, 439, 585, 526
1559510703203, 40280, 438, 589, 528
1559510703216, 40292, 434, 586, 528
1559510703229, 40305, 435, 584, 529
1559510703242, 40318, 435, 582, 529
1559510703255, 40332, 435, 585, 529
1559510703267, 40344, 435, 585, 528
1559510703280, 40357, 435, 582, 527
1559510703294, 40371, 437, 584, 527
1559510703308, 40383, 438, 581, 526
1559510703319, 40396, 437, 585, 524
1559510703333, 40410, 436, 582, 527
1559510703345, 40423, 435, 582, 525
1559510703358, 40435, 435, 582, 527
1559510703372, 40449, 434, 584, 529
1559510703386, 40462, 434, 583, 528
1559510703398, 40474, 436, 580, 523
1559510703411, 40487, 438, 583, 524
1559510703425, 40501, 435, 588, 525
1559510703437, 40514, 436, 579, 529
1559510703451, 40526, 436, 584, 528
1559510703463, 40540, 435, 587, 531
1559510703477, 40553, 435, 585, 531
1559510703490, 40565, 434, 583, 529
1559510703503, 40579, 437, 583, 528
1559510703515, 40592, 436, 583, 527
1559510703529, 40605, 437, 582, 527
1559510703542, 40617, 436, 584, 528
1559510703555, 40631, 434, 579, 525
1559510703568, 40644, 436, 581, 528
1559510703581, 40657, 435, 580, 526
1559510703593, 40670, 435, 582, 526
1559510703607, 40683, 434, 581, 525
1559510703620, 40696, 436, 586, 530
1559510703633, 40709, 434, 584, 529
1559510703646, 40722, 434, 585, 529
1559510703658, 40735, 435, 581, 529
1559510703671, 40749, 435, 583, 530
1559510703687, 40761, 435, 581, 532
1559510703698, 40774, 434, 580, 526
1559510703711, 40787, 438, 580, 530
1559510703725, 40800, 436, 581, 531
1559510703737, 40813, 434, 580, 532
1559510703749, 40826, 432, 581, 533
1559510703763, 40840, 431, 581, 533
1559510703776, 40852, 433, 582, 534
1559510703788, 40865, 435, 583, 533
1559510703802, 40879, 434, 575, 531
1559510703814, 40892, 434, 577, 530
1559510703827, 40904, 432, 577, 528
1559510703841, 40918, 433, 577, 530
1559510703855, 40931, 432, 578, 531
1559510703867, 40943, 432, 579, 531
1559510703880, 40956, 433, 577, 531
1559510703894, 40970, 433, 579, 531
1559510703906, 40983, 433, 579, 531
1559510703920, 40995, 434, 579, 531
1559510703932, 41009, 434, 579, 531
1559510703946, 41022, 433, 581, 535
1559510703958, 41034, 431, 582, 536
1559510703971, 41048, 432, 581, 538
1559510703985, 41061, 430, 584, 538
1559510703997, 41074, 433, 582, 538
1559510704011, 41086, 436, 578, 538
1559510704024, 41100, 432, 581, 533
1559510704037, 41113, 429, 589, 537
1559510704049, 41126, 431, 620, 542
1559510704064, 41139, 424, 615, 560
1559510704076, 41152, 436, 588, 552
1559510704089, 41165, 445, 577, 543
1559510704102, 41178, 441, 565, 540
1559510704116, 41191, 435, 569, 547
1559510704128, 41204, 444, 560, 530
1559510704140, 41218, 442, 572, 507
1559510704154, 41230, 445, 611, 492
1559510704167, 41243, 442, 620, 453
1559510704180, 41256, 419, 615, 430
1559510704193, 41269, 422, 612, 436
1559510704206, 41282, 438, 602, 478
1559510704219, 41295, 436, 588, 495
1559510704232, 41309, 436, 581, 510
1559510704244, 41321, 430, 577, 509
1559510704258, 41334, 436, 548, 494
1559510704271, 41348, 433, 535, 493
1559510704284, 41361, 427, 539, 498
1559510704297, 41373, 427, 542, 499
1559510704309, 41387, 426, 545, 498
1559510704323, 41400, 425, 549, 499
1559510704337, 41412, 424, 553, 495
1559510704349, 41425, 425, 554, 492
1559510704362, 41439, 426, 551, 492
1559510704375, 41452, 424, 549, 494
1559510704389, 41464, 425, 551, 501
1559510704401, 41478, 426, 557, 507
1559510704415, 41491, 423, 561, 508
1559510704427, 41503, 423, 563, 507
1559510704440, 41517, 423, 565, 503
1559510704453, 41530, 424, 566, 500
1559510704466, 41543, 425, 567, 497
1559510704479, 41555, 425, 566, 495
1559510704492, 41569, 426, 565, 494
1559510704506, 41582, 426, 562, 492
1559510704519, 41595, 426, 560, 491
1559510704535, 41608, 427, 558, 489
1559510704545, 41621, 427, 555, 486
1559510704558, 41634, 428, 556, 485
1559510704570, 41647, 429, 557, 485
1559510704584, 41660, 428, 559, 485
1559510704598, 41673, 428, 563, 487
1559510704610, 41687, 427, 566, 490
1559510704623, 41699, 427, 567, 493
1559510704635, 41712, 428, 568, 495
1559510704649, 41725, 427, 568, 496
1559510704662, 41738, 427, 568, 497
1559510704674, 41751, 429, 567, 497
1559510704689, 41764, 427, 568, 496
1559510704700, 41778, 428, 573, 498
1559510704714, 41790, 429, 574, 498
1559510704727, 41803, 430, 573, 497
1559510704740, 41817, 431, 574, 494
1559510704754, 41829, 431, 576, 493
1559510704766, 41842, 432, 578, 491
1559510704779, 41856, 431, 576, 488
1559510704792, 41869, 432, 573, 487
1559510704805, 41881, 434, 571, 489
1559510704818, 41894, 434, 571, 488
1559510704832, 41908, 434, 573, 489
1559510704844, 41920, 434, 576, 487
1559510704858, 41933, 435, 580, 486
1559510704870, 41947, 435, 584, 485
1559510704883, 41960, 435, 587, 485
1559510704897, 41972, 435, 585, 484
1559510704909, 41986, 436, 580, 484
1559510704922, 41999, 436, 575, 486
1559510704935, 42012, 437, 573, 486
1559510704948, 42024, 437, 574, 487
1559510704962, 42038, 438, 576, 487
1559510704974, 42051, 438, 580, 485
1559510704988, 42063, 437, 584, 483
1559510705000, 42077, 438, 586, 482
1559510705013, 42090, 438, 585, 481
1559510705027, 42103, 439, 582, 480
1559510705040, 42116, 440, 579, 481
1559510705053, 42129, 441, 578, 480
1559510705066, 42142, 442, 579, 478
1559510705079, 42156, 441, 582, 476
1559510705092, 42168, 440, 582, 475
1559510705105, 42181, 440, 580, 474
1559510705118, 42194, 441, 577, 476
1559510705132, 42207, 442, 571, 477
1559510705144, 42220, 442, 566, 476
1559510705157, 42233, 443, 565, 476
1559510705170, 42247, 445, 568, 475
1559510705183, 42259, 443, 574, 474
1559510705196, 42272, 442, 580, 472
1559510705209, 42286, 443, 584, 471
1559510705223, 42298, 443, 582, 470
1559510705234, 42311, 444, 578, 469
1559510705247, 42324, 445, 576, 468
1559510705260, 42338, 445, 576, 467
1559510705274, 42350, 447, 577, 466
1559510705287, 42363, 448, 578, 465
1559510705299, 42377, 449, 580, 464
1559510705313, 42389, 448, 582, 462
1559510705327, 42402, 448, 583, 461
1559510705340, 42416, 447, 582, 462
1559510705352, 42429, 447, 579, 465
1559510705366, 42441, 447, 574, 467
1559510705378, 42455, 446, 571, 468
1559510705391, 42468, 446, 570, 469
1559510705405, 42481, 446, 570, 470
1559510705418, 42493, 445, 572, 471
1559510705430, 42507, 445, 575, 472
1559510705443, 42520, 444, 578, 471
1559510705457, 42532, 444, 579, 472
1559510705470, 42546, 444, 579, 472
1559510705483, 42559, 444, 579, 472
1559510705496, 42572, 445, 578, 473
1559510705508, 42585, 445, 578, 472
1559510705522, 42598, 445, 578, 472
1559510705535, 42611, 446, 578, 471
1559510705548, 42624, 446, 577, 471
1559510705561, 42637, 447, 578, 470
1559510705574, 42650, 447, 578, 470
1559510705587, 42663, 447, 580, 469
1559510705600, 42676, 447, 580, 469
1559510705613, 42689, 447, 577, 469
1559510705625, 42702, 447, 576, 469
1559510705640, 42716, 447, 577, 469
1559510705652, 42728, 446, 578, 469
1559510705665, 42741, 447, 579, 469
1559510705677, 42755, 446, 578, 468
1559510705691, 42767, 447, 578, 467
1559510705704, 42780, 447, 577, 467
1559510705716, 42793, 447, 576, 467
1559510705730, 42807, 447, 574, 468
1559510705744, 42819, 447, 573, 469
1559510705756, 42832, 447, 575, 469
1559510705769, 42846, 447, 577, 469
1559510705782, 42858, 447, 578, 468
1559510705797, 42871, 447, 578, 468
1559510705809, 42885, 448, 577, 467
1559510705821, 42898, 448, 576, 467
1559510705834, 42910, 448, 576, 468
1559510705849, 42924, 447, 576, 468
1559510705860, 42937, 447, 578, 469
1559510705875, 42949, 447, 579, 468
1559510705887, 42962, 447, 579, 467
1559510705899, 42976, 447, 578, 467
1559510705913, 42989, 447, 576, 467
1559510705925, 43001, 448, 575, 467
1559510705938, 43015, 448, 575, 468
1559510705951, 43028, 447, 576, 468
1559510705965, 43041, 447, 578, 468
1559510705977, 43054, 446, 578, 468
1559510705990, 43067, 446, 577, 468
1559510706004, 43080, 447, 576, 469
1559510706017, 43092, 447, 574, 469
1559510706030, 43106, 447, 574, 468
1559510706042, 43119, 447, 575, 468
1559510706056, 43132, 447, 575, 469
1559510706069, 43145, 447, 576, 469
1559510706082, 43158, 447, 576, 469
1559510706096, 43171, 446, 576, 468
1559510706108, 43185, 447, 577, 468
1559510706121, 43197, 447, 575, 468
1559510706133, 43210, 447, 575, 468
1559510706146, 43224, 447, 575, 467
1559510706159, 43236, 447, 575, 468
1559510706173, 43249, 447, 576, 468
1559510706186, 43262, 447, 577, 468
1559510706198, 43276, 447, 577, 468
1559510706212, 43288, 448, 576, 468
1559510706225, 43301, 448, 576, 467
1559510706238, 43315, 448, 579, 467
1559510706251, 43327, 447, 582, 466
1559510706263, 43340, 446, 581, 468
1559510706277, 43354, 446, 581, 470
1559510706291, 43367, 446, 581, 472
1559510706303, 43379, 446, 581, 472
1559510706316, 43393, 447, 580, 471
1559510706329, 43406, 447, 577, 469
1559510706343, 43418, 447, 576, 468
1559510706355, 43431, 447, 576, 467
1559510706368, 43445, 447, 576, 468
1559510706382, 43458, 447, 575, 469
1559510706394, 43470, 447, 574, 469
1559510706408, 43484, 447, 574, 468
1559510706422, 43497, 447, 574, 468
1559510706434, 43510, 447, 573, 468
1559510706446, 43523, 447, 574, 468
1559510706459, 43536, 447, 576, 469
1559510706472, 43549, 447, 577, 470
1559510706486, 43561, 447, 579, 470
1559510706499, 43575, 446, 579, 470
1559510706513, 43588, 446, 580, 470
1559510706525, 43601, 446, 581, 471
1559510706537, 43614, 446, 581, 471
1559510706552, 43627, 446, 580, 472
1559510706564, 43640, 445, 579, 472
1559510706577, 43653, 446, 577, 472
1559510706589, 43666, 446, 577, 472
1559510706603, 43679, 446, 575, 472
1559510706615, 43693, 446, 575, 473
1559510706629, 43705, 446, 576, 474
1559510706643, 43718, 445, 578, 473
1559510706656, 43731, 446, 579, 473
1559510706668, 43745, 446, 580, 471
1559510706681, 43757, 446, 580, 470
1559510706694, 43770, 447, 579, 470
1559510706706, 43784, 446, 580, 470
1559510706720, 43796, 447, 581, 471
1559510706733, 43809, 447, 581, 470
1559510706746, 43823, 446, 581, 470
1559510706759, 43836, 447, 580, 469
1559510706772, 43848, 446, 578, 470
1559510706785, 43862, 447, 578, 470
1559510706799, 43875, 447, 578, 471
1559510706811, 43887, 446, 577, 470
1559510706824, 43900, 446, 577, 470
1559510706838, 43914, 446, 576, 470
1559510706851, 43927, 446, 577, 471
1559510706863, 43939, 446, 577, 471
1559510706878, 43953, 445, 577, 471
1559510706890, 43966, 446, 577, 472
1559510706902, 43978, 447, 578, 471
1559510706916, 43992, 446, 578, 471
1559510706928, 44005, 446, 578, 470
1559510706941, 44018, 446, 578, 470
1559510706955, 44030, 446, 578, 470
1559510706968, 44044, 447, 578, 471
1559510706981, 44057, 446, 578, 470
1559510706994, 44070, 446, 579, 470
1559510707008, 44083, 447, 579, 471
1559510707020, 44096, 447, 578, 470
1559510707033, 44109, 447, 578, 469
1559510707045, 44122, 446, 577, 469
1559510707059, 44135, 446, 576, 469
1559510707072, 44148, 446, 577, 470
1559510707084, 44162, 446, 576, 470
1559510707099, 44174, 446, 576, 470
1559510707111, 44187, 446, 574, 470
1559510707124, 44200, 446, 575, 471
1559510707138, 44214, 446, 576, 471
1559510707151, 44226, 445, 576, 472
1559510707163, 44239, 445, 578, 473
1559510707175, 44253, 445, 579, 473
1559510707188, 44265, 446, 579, 473
1559510707203, 44278, 446, 579, 472
1559510707215, 44292, 446, 579, 471
1559510707228, 44305, 446, 580, 470
1559510707242, 44317, 447, 581, 470
1559510707254, 44331, 447, 580, 470
1559510707268, 44344, 447, 579, 470
1559510707280, 44356, 447, 578, 469
1559510707294, 44369, 447, 577, 468
1559510707306, 44383, 447, 576, 469
1559510707320, 44396, 447, 575, 469
1559510707333, 44408, 448, 575, 469
1559510707346, 44422, 447, 576, 468
1559510707358, 44435, 447, 577, 467
1559510707371, 44447, 447, 578, 468
1559510707385, 44461, 447, 579, 468
1559510707398, 44474, 446, 579, 468
1559510707410, 44487, 447, 578, 469
1559510707424, 44499, 447, 577, 469
1559510707437, 44513, 447, 577, 469
1559510707450, 44526, 447, 577, 468
1559510707464, 44539, 446, 576, 469
1559510707476, 44552, 447, 576, 470
1559510707489, 44565, 446, 576, 470
1559510707502, 44578, 447, 576, 469
1559510707515, 44591, 447, 577, 469
1559510707528, 44604, 448, 577, 468
1559510707541, 44617, 448, 578, 468
1559510707556, 44631, 447, 579, 467
1559510707567, 44643, 446, 580, 468
1559510707579, 44656, 447, 580, 470
1559510707593, 44669, 447, 578, 469
1559510707607, 44683, 447, 576, 469
1559510707619, 44695, 448, 575, 468
1559510707632, 44708, 448, 575, 468
1559510707646, 44722, 448, 577, 469
1559510707658, 44734, 447, 579, 469
1559510707671, 44747, 447, 580, 469
1559510707683, 44761, 447, 580, 470
1559510707697, 44774, 447, 578, 469
1559510707710, 44786, 446, 576, 468
1559510707723, 44800, 446, 575, 470
1559510707737, 44813, 446, 575, 471
1559510707749, 44825, 447, 575, 471
1559510707762, 44838, 446, 576, 469
1559510707775, 44852, 446, 576, 468
1559510707788, 44865, 447, 577, 468
1559510707802, 44877, 447, 577, 469
1559510707814, 44891, 447, 577, 469
1559510707828, 44904, 447, 576, 468
1559510707841, 44917, 447, 575, 468
1559510707853, 44930, 448, 575, 468
1559510707866, 44943, 448, 575, 468
1559510707879, 44956, 447, 575, 468
1559510707892, 44968, 448, 576, 468
1559510707906, 44982, 447, 578, 469
1559510707920, 44995, 447, 579, 469
1559510707933, 45008, 447, 580, 468
1559510707945, 45021, 447, 579, 468
1559510707957, 45034, 447, 578, 468
1559510707970, 45047, 447, 577, 468
1559510707984, 45060, 447, 576, 470
1559510707997, 45073, 447, 576, 471
1559510708009, 45086, 447, 577, 470
1559510708023, 45100, 447, 577, 469
1559510708035, 45112, 447, 577, 468
1559510708049, 45125, 447, 577, 468
1559510708062, 45138, 447, 577, 468
1559510708075, 45152, 447, 577, 468
1559510708088, 45164, 448, 577, 468
1559510708102, 45177, 447, 578, 468
1559510708113, 45191, 447, 578, 469
1559510708127, 45203, 447, 578, 469
1559510708139, 45216, 447, 578, 468
1559510708153, 45230, 447, 578, 468
1559510708168, 45243, 448, 578, 468
1559510708179, 45255, 448, 577, 468
1559510708193, 45268, 448, 577, 468
1559510708206, 45282, 447, 578, 468
1559510708218, 45294, 447, 578, 469
1559510708232, 45307, 447, 579, 469
1559510708245, 45321, 447, 578, 469
1559510708258, 45334, 447, 577, 469
1559510708270, 45346, 448, 576, 468
1559510708284, 45360, 448, 576, 468
1559510708296, 45373, 448, 576, 468
1559510708310, 45385, 447, 577, 468
1559510708322, 45399, 446, 577, 469
1559510708335, 45412, 446, 576, 470
1559510708349, 45425, 447, 575, 470
1559510708362, 45437, 446, 574, 470
1559510708375, 45451, 447, 574, 470
1559510708388, 45464, 446, 574, 471
1559510708401, 45477, 446, 574, 473
1559510708414, 45490, 445, 574, 474
1559510708426, 45503, 444, 573, 476
1559510708439, 45516, 445, 573, 478
1559510708453, 45529, 446, 574, 480
1559510708466, 45542, 447, 575, 478
1559510708479, 45555, 446, 574, 473
1559510708492, 45569, 447, 572, 469
1559510708505, 45581, 449, 569, 467
1559510708517, 45594, 450, 566, 464
1559510708532, 45607, 449, 564, 462
1559510708544, 45620, 452, 566, 464
1559510708558, 45633, 453, 570, 463
1559510708570, 45646, 452, 573, 458
1559510708582, 45660, 452, 575, 449
1559510708596, 45672, 453, 572, 442
1559510708609, 45685, 457, 570, 444
1559510708622, 45699, 460, 562, 442
1559510708635, 45712, 460, 562, 454
1559510708647, 45724, 457, 558, 456
1559510708661, 45737, 454, 558, 453
1559510708674, 45751, 457, 558, 442
1559510708687, 45763, 461, 558, 435
1559510708700, 45776, 461, 557, 431
1559510708713, 45790, 458, 546, 426
1559510708726, 45803, 457, 541, 438
1559510708739, 45815, 459, 542, 437
1559510708753, 45829, 462, 542, 438
1559510708765, 45842, 457, 546, 437
1559510708778, 45854, 462, 548, 429
1559510708792, 45868, 463, 559, 434
1559510708804, 45881, 457, 564, 431
1559510708817, 45894, 450, 559, 424
1559510708831, 45906, 450, 548, 428
1559510708843, 45920, 450, 537, 441
1559510708857, 45933, 452, 520, 452
1559510708870, 45946, 453, 512, 442
1559510708884, 45959, 455, 508, 440
1559510708896, 45972, 462, 501, 437
1559510708910, 45985, 458, 506, 431
1559510708922, 45998, 449, 520, 434
1559510708935, 46011, 445, 523, 432
1559510708949, 46024, 449, 521, 432
1559510708960, 46038, 455, 520, 429
1559510708974, 46050, 458, 520, 427
1559510708986, 46063, 458, 523, 427
1559510709001, 46076, 457, 528, 425
1559510709013, 46089, 456, 532, 424
1559510709026, 46102, 457, 534, 424
1559510709040, 46115, 458, 532, 428
1559510709051, 46129, 461, 527, 431
1559510709065, 46141, 455, 521, 435
1559510709079, 46154, 452, 518, 438
1559510709091, 46168, 453, 516, 436
1559510709104, 46181, 455, 512, 432
1559510709117, 46193, 457, 514, 427
1559510709130, 46206, 456, 516, 427
1559510709144, 46220, 457, 520, 428
1559510709156, 46232, 458, 525, 431
1559510709169, 46245, 457, 534, 436
1559510709182, 46259, 452, 534, 433
1559510709196, 46272, 455, 529, 434
1559510709209, 46284, 457, 535, 436
1559510709221, 46298, 454, 542, 436
1559510709234, 46311, 454, 541, 438
1559510709248, 46323, 456, 536, 442
1559510709260, 46337, 455, 535, 447
1559510709273, 46350, 450, 541, 448
1559510709287, 46363, 449, 541, 448
1559510709300, 46375, 450, 538, 446
1559510709312, 46389, 451, 533, 442
1559510709326, 46402, 451, 527, 439
1559510709339, 46415, 452, 523, 437
1559510709352, 46428, 452, 522, 434
1559510709365, 46441, 452, 516, 431
1559510709378, 46454, 452, 514, 430
1559510709390, 46467, 453, 511, 431
1559510709404, 46480, 453, 508, 434
1559510709417, 46493, 452, 506, 435
1559510709430, 46507, 452, 508, 435
1559510709443, 46519, 451, 510, 433
1559510709456, 46532, 451, 512, 435
1559510709469, 46545, 451, 518, 438
1559510709481, 46558, 449, 520, 434
1559510709496, 46571, 453, 512, 432
1559510709508, 46584, 457, 514, 437
1559510709521, 46598, 455, 517, 446
1559510709534, 46610, 451, 526, 457
1559510709547, 46623, 450, 527, 453
1559510709559, 46637, 457, 529, 450
1559510709573, 46650, 465, 540, 446
1559510709586, 46662, 464, 556, 446
1559510709600, 46675, 461, 568, 453
1559510709612, 46689, 460, 581, 456
1559510709626, 46701, 460, 584, 457
1559510709638, 46714, 463, 586, 459
1559510709651, 46728, 468, 584, 459
1559510709664, 46741, 472, 589, 460
1559510709678, 46753, 471, 595, 460
1559510709690, 46767, 469, 599, 463
1559510709704, 46780, 467, 606, 468
1559510709716, 46792, 466, 606, 472
1559510709730, 46806, 468, 599, 476
1559510709742, 46819, 468, 598, 480
1559510709756, 46832, 474, 591, 478
1559510709769, 46844, 475, 589, 479
1559510709782, 46858, 471, 595, 482
1559510709794, 46871, 469, 596, 483
1559510709808, 46884, 470, 596, 485
1559510709820, 46897, 470, 606, 493
1559510709834, 46910, 472, 598, 483
1559510709847, 46923, 479, 594, 482
1559510709860, 46936, 480, 602, 487
1559510709872, 46949, 479, 607, 489
1559510709886, 46962, 480, 610, 488
1559510709898, 46976, 482, 611, 486
1559510709911, 46988, 481, 607, 485
1559510709924, 47001, 486, 616, 492
1559510709939, 47014, 488, 626, 494
1559510709951, 47027, 487, 631, 492
1559510709964, 47040, 488, 632, 495
1559510709977, 47053, 489, 629, 496
1559510709989, 47067, 489, 626, 497
1559510710003, 47079, 488, 617, 498
1559510710016, 47092, 490, 614, 501
1559510710029, 47106, 491, 614, 502
1559510710041, 47119, 490, 616, 501
1559510710054, 47131, 488, 616, 499
1559510710069, 47144, 486, 620, 508
1559510710081, 47158, 484, 617, 502
1559510710095, 47170, 492, 605, 502
1559510710107, 47183, 496, 605, 508
1559510710121, 47197, 493, 619, 510
1559510710133, 47210, 489, 627, 505
1559510710146, 47222, 490, 627, 500
1559510710160, 47236, 491, 624, 497
1559510710172, 47249, 492, 618, 499
1559510710186, 47261, 492, 619, 502
1559510710199, 47275, 492, 621, 504
1559510710212, 47288, 488, 628, 509
1559510710224, 47301, 490, 623, 501
1559510710238, 47313, 494, 614, 497
1559510710251, 47327, 493, 615, 502
1559510710264, 47340, 488, 616, 504
1559510710277, 47353, 488, 615, 504
1559510710290, 47366, 488, 616, 498
1559510710303, 47379, 489, 614, 493
1559510710316, 47392, 493, 609, 492
1559510710328, 47405, 486, 615, 493
1559510710342, 47418, 484, 615, 494
1559510710355, 47431, 488, 613, 496
1559510710367, 47444, 490, 612, 502
1559510710381, 47457, 488, 614, 507
1559510710393, 47470, 484, 620, 509
1559510710406, 47483, 483, 617, 503
1559510710420, 47496, 489, 605, 501
1559510710433, 47509, 486, 609, 504
1559510710445, 47522, 482, 610, 504
1559510710459, 47536, 483, 609, 502
1559510710473, 47548, 487, 609, 498
1559510710486, 47561, 484, 610, 494
1559510710497, 47575, 482, 609, 494
1559510710510, 47588, 482, 606, 495
1559510710524, 47600, 484, 606, 496
1559510710537, 47613, 483, 610, 494
1559510710550, 47627, 481, 612, 493
1559510710564, 47639, 481, 613, 492
1559510710579, 47652, 483, 613, 490
1559510710589, 47666, 484, 612, 487
1559510710602, 47679, 484, 612, 487
1559510710616, 47691, 481, 613, 485
1559510710628, 47705, 477, 612, 482
1559510710642, 47718, 479, 608, 485
1559510710654, 47730, 480, 606, 488
1559510710668, 47744, 479, 605, 487
1559510710680, 47757, 478, 600, 483
1559510710694, 47770, 480, 599, 483
1559510710707, 47782, 477, 602, 475
1559510710720, 47796, 478, 602, 475
1559510710733, 47809, 480, 602, 480
1559510710747, 47822, 478, 605, 480
1559510710759, 47835, 477, 608, 481
1559510710771, 47848, 474, 607, 482
1559510710786, 47861, 473, 599, 484
1559510710799, 47874, 475, 590, 486
1559510710811, 47887, 476, 590, 486
1559510710824, 47900, 475, 594, 483
1559510710837, 47913, 473, 605, 482
1559510710849, 47926, 474, 608, 478
1559510710863, 47939, 475, 609, 476
1559510710876, 47952, 475, 608, 475
1559510710889, 47965, 477, 604, 476
1559510710903, 47978, 476, 600, 477
1559510710915, 47991, 475, 596, 479
1559510710927, 48005, 473, 592, 478
1559510710942, 48017, 475, 594, 481
1559510710953, 48030, 478, 599, 482
1559510710967, 48044, 476, 599, 477
1559510710980, 48057, 476, 601, 479
1559510710993, 48069, 471, 611, 489
1559510711006, 48082, 469, 609, 483
1559510711020, 48096, 478, 596, 476
1559510711032, 48108, 483, 592, 473
1559510711046, 48121, 476, 601, 478
1559510711058, 48135, 473, 607, 480
1559510711072, 48148, 476, 609, 476
1559510711085, 48160, 478, 607, 473
1559510711097, 48174, 476, 607, 475
1559510711111, 48187, 475, 607, 474
1559510711124, 48199, 475, 604, 474
1559510711136, 48212, 477, 604, 479
1559510711149, 48226, 477, 604, 482
1559510711163, 48239, 476, 608, 484
1559510711176, 48251, 475, 610, 481
1559510711188, 48265, 476, 611, 481
1559510711202, 48278, 477, 610, 480
1559510711215, 48291, 476, 605, 477
1559510711228, 48304, 475, 599, 476
1559510711241, 48317, 475, 598, 477
1559510711254, 48330, 476, 601, 478
1559510711268, 48343, 475, 603, 477
1559510711281, 48356, 474, 605, 478
1559510711294, 48369, 474, 606, 479
1559510711306, 48382, 474, 606, 477
1559510711319, 48395, 471, 617, 479
1559510711332, 48408, 473, 607, 480
1559510711344, 48421, 477, 597, 477
1559510711358, 48434, 476, 593, 477
1559510711371, 48447, 471, 601, 483
1559510711384, 48460, 469, 600, 480
1559510711396, 48474, 472, 598, 477
1559510711411, 48486, 473, 597, 479
1559510711423, 48499, 468, 605, 486
1559510711436, 48513, 466, 594, 478
1559510711449, 48526, 469, 586, 472
1559510711461, 48538, 471, 589, 475
1559510711475, 48551, 468, 596, 475
1559510711489, 48565, 466, 599, 466
1559510711501, 48577, 465, 599, 471
1559510711515, 48590, 463, 606, 479
1559510711528, 48604, 469, 589, 474
1559510711540, 48617, 474, 579, 479
1559510711553, 48629, 468, 591, 487
1559510711566, 48643, 464, 595, 486
1559510711580, 48656, 466, 595, 484
1559510711592, 48668, 470, 594, 483
1559510711606, 48681, 469, 594, 483
1559510711618, 48695, 467, 600, 483
1559510711631, 48708, 467, 605, 483
1559510711645, 48720, 467, 600, 481
1559510711658, 48734, 466, 596, 477
1559510711671, 48747, 466, 595, 479
1559510711684, 48760, 468, 592, 476
1559510711697, 48773, 468, 589, 467
1559510711710, 48786, 471, 593, 471
1559510711723, 48799, 467, 595, 473
1559510711736, 48812, 464, 596, 475
1559510711750, 48825, 467, 597, 483
1559510711763, 48838, 467, 599, 485
1559510711775, 48851, 466, 602, 482
1559510711788, 48864, 466, 606, 479
1559510711802, 48877, 469, 604, 476
1559510711814, 48890, 468, 601, 472
1559510711826, 48903, 468, 596, 472
1559510711840, 48916, 467, 592, 475
1559510711853, 48929, 469, 593, 478
1559510711866, 48943, 465, 600, 478
1559510711879, 48955, 465, 601, 487
1559510711892, 48968, 467, 595, 487
1559510711905, 48982, 465, 587, 480
1559510711917, 48995, 462, 594, 476
1559510711932, 49007, 470, 585, 479
1559510711944, 49020, 473, 596, 489
1559510711958, 49034, 474, 605, 491
1559510711971, 49046, 467, 609, 478
1559510711983, 49059, 471, 616, 484
1559510711997, 49073, 469, 600, 486
1559510712009, 49086, 470, 597, 488
1559510712022, 49098, 470, 602, 482
1559510712035, 49112, 469, 607, 475
1559510712049, 49125, 470, 611, 472
1559510712061, 49137, 471, 609, 471
1559510712075, 49150, 471, 606, 468
1559510712087, 49164, 470, 597, 468
1559510712100, 49177, 466, 597, 471
1559510712113, 49189, 467, 594, 470
1559510712126, 49203, 463, 592, 468
1559510712141, 49216, 470, 592, 474
1559510712152, 49229, 467, 592, 478
1559510712167, 49242, 466, 592, 474
1559510712179, 49255, 467, 592, 476
1559510712193, 49268, 472, 590, 478
1559510712206, 49281, 472, 589, 480
1559510712218, 49294, 471, 590, 481
1559510712231, 49307, 467, 591, 478
1559510712245, 49320, 471, 593, 474
1559510712257, 49333, 475, 587, 475
1559510712269, 49346, 474, 590, 474
1559510712283, 49359, 472, 593, 476
1559510712296, 49372, 473, 598, 479
1559510712309, 49385, 474, 604, 478
1559510712322, 49398, 477, 610, 476
1559510712335, 49412, 479, 613, 476
1559510712348, 49424, 483, 613, 479
1559510712360, 49437, 481, 611, 476
1559510712374, 49451, 480, 604, 473
1559510712387, 49464, 481, 606, 475
1559510712399, 49476, 479, 604, 474
1559510712413, 49489, 481, 596, 473
1559510712427, 49503, 480, 594, 468
1559510712440, 49515, 484, 601, 475
1559510712452, 49528, 486, 606, 475
1559510712465, 49542, 483, 608, 470
1559510712478, 49555, 480, 610, 466
1559510712492, 49567, 480, 611, 469
1559510712505, 49581, 481, 608, 474
1559510712517, 49594, 483, 607, 475
1559510712531, 49606, 485, 602, 477
1559510712543, 49619, 483, 592, 479
1559510712557, 49633, 483, 593, 484
1559510712569, 49646, 485, 601, 486
1559510712583, 49658, 482, 602, 485
1559510712598, 49672, 482, 606, 482
1559510712609, 49685, 484, 608, 481
1559510712622, 49698, 488, 604, 479
1559510712635, 49711, 490, 597, 476
1559510712649, 49724, 492, 594, 477
1559510712660, 49737, 492, 593, 476
1559510712674, 49750, 491, 596, 481
1559510712686, 49763, 493, 618, 480
1559510712699, 49776, 489, 630, 471
1559510712713, 49789, 492, 635, 470
1559510712726, 49802, 494, 627, 474
1559510712739, 49815, 497, 609, 476
1559510712752, 49828, 498, 600, 476
1559510712765, 49841, 499, 605, 483
1559510712778, 49854, 495, 612, 480
1559510712791, 49867, 494, 610, 470
1559510712804, 49881, 496, 611, 469
1559510712817, 49893, 495, 615, 471
1559510712829, 49906, 494, 619, 474
1559510712844, 49920, 496, 624, 476
1559510712856, 49933, 495, 619, 470
1559510712869, 49945, 494, 621, 473
1559510712882, 49958, 493, 617, 476
1559510712895, 49972, 493, 608, 477
1559510712908, 49984, 493, 607, 479
1559510712921, 49997, 490, 601, 475
1559510712934, 50011, 487, 594, 473
1559510712948, 50024, 485, 587, 472
1559510712960, 50036, 483, 578, 470
1559510712973, 50050, 484, 578, 474
1559510712987, 50063, 487, 582, 478
1559510713000, 50075, 491, 590, 483
1559510713013, 50088, 489, 617, 480
1559510713025, 50102, 485, 638, 469
1559510713039, 50115, 490, 652, 455
1559510713052, 50127, 494, 623, 448
1559510713065, 50141, 499, 622, 458
1559510713078, 50154, 493, 613, 457
1559510713090, 50167, 491, 604, 458
1559510713104, 50180, 493, 591, 463
1559510713117, 50193, 490, 588, 471
1559510713129, 50206, 480, 596, 468
1559510713143, 50219, 488, 578, 451
1559510713155, 50232, 478, 582, 475
1559510713169, 50245, 465, 582, 462
1559510713182, 50258, 474, 576, 467
1559510713194, 50271, 449, 581, 447
1559510713208, 50284, 482, 586, 480
1559510713220, 50297, 485, 568, 476
1559510713234, 50310, 483, 585, 475
1559510713247, 50323, 475, 590, 464
1559510713259, 50336, 473, 590, 455
1559510713273, 50350, 470, 587, 445
1559510713286, 50362, 467, 585, 438
1559510713300, 50375, 470, 577, 439
1559510713312, 50388, 469, 577, 442
1559510713326, 50402, 466, 577, 448
1559510713338, 50414, 468, 575, 459
1559510713352, 50427, 471, 577, 472
1559510713364, 50441, 468, 580, 473
1559510713377, 50453, 467, 583, 469
1559510713390, 50466, 470, 588, 463
1559510713403, 50480, 469, 591, 457
1559510713417, 50493, 467, 595, 454
1559510713429, 50505, 462, 594, 447
1559510713442, 50519, 462, 586, 446
1559510713456, 50532, 467, 577, 451
1559510713468, 50544, 467, 573, 461
1559510713481, 50557, 464, 572, 467
1559510713494, 50571, 457, 569, 480
1559510713508, 50584, 455, 557, 473
1559510713520, 50596, 459, 550, 482
1559510713534, 50610, 454, 555, 484
1559510713547, 50623, 454, 558, 481
1559510713560, 50636, 459, 564, 475
1559510713573, 50649, 467, 575, 470
1559510713586, 50662, 469, 591, 465
1559510713599, 50675, 467, 604, 454
1559510713611, 50688, 464, 613, 447
1559510713625, 50701, 466, 616, 449
1559510713638, 50714, 468, 605, 457
1559510713651, 50727, 470, 599, 471
1559510713664, 50740, 466, 597, 479
1559510713676, 50753, 466, 592, 478
1559510713690, 50766, 466, 588, 478
1559510713703, 50780, 466, 592, 481
1559510713715, 50792, 466, 593, 482
1559510713729, 50805, 466, 600, 477
1559510713741, 50819, 467, 607, 466
1559510713755, 50831, 470, 613, 464
1559510713767, 50844, 470, 612, 465
1559510713781, 50857, 467, 619, 475
1559510713794, 50871, 468, 598, 480
1559510713808, 50883, 463, 590, 495
1559510713820, 50896, 462, 580, 479
1559510713834, 50910, 461, 585, 456
1559510713846, 50922, 464, 591, 445
1559510713860, 50935, 466, 599, 451
1559510713873, 50949, 466, 608, 465
1559510713885, 50962, 469, 614, 474
1559510713898, 50974, 469, 609, 476
1559510713911, 50988, 464, 602, 481
1559510713924, 51001, 465, 588, 494
1559510713937, 51014, 460, 582, 492
1559510713950, 51026, 461, 572, 485
1559510713964, 51040, 457, 585, 474
1559510713977, 51053, 457, 571, 450
1559510713989, 51065, 462, 586, 459
1559510714004, 51079, 458, 593, 456
1559510714016, 51092, 460, 598, 461
1559510714028, 51105, 459, 590, 462
1559510714042, 51118, 460, 578, 471
1559510714055, 51131, 458, 586, 484
1559510714067, 51144, 459, 578, 481
1559510714081, 51156, 461, 583, 485
1559510714093, 51170, 455, 585, 476
1559510714108, 51183, 454, 590, 479
1559510714120, 51196, 455, 589, 479
1559510714133, 51209, 456, 591, 479
1559510714146, 51222, 459, 592, 473
1559510714159, 51235, 461, 599, 465
1559510714172, 51249, 461, 602, 464
1559510714185, 51261, 457, 595, 459
1559510714198, 51274, 455, 585, 476
1559510714211, 51288, 452, 583, 488
1559510714224, 51300, 452, 589, 486
1559510714237, 51313, 457, 596, 476
1559510714250, 51326, 460, 610, 466
1559510714263, 51340, 461, 597, 460
1559510714276, 51352, 456, 585, 473
1559510714290, 51365, 452, 581, 481
1559510714302, 51379, 448, 573, 480
1559510714315, 51391, 450, 580, 487
1559510714329, 51404, 439, 588, 476
1559510714341, 51418, 426, 575, 474
1559510714354, 51431, 419, 576, 490
1559510714368, 51443, 433, 581, 483
1559510714381, 51457, 452, 580, 466
1559510714393, 51470, 475, 570, 473
1559510714406, 51482, 484, 569, 463
1559510714419, 51495, 454, 589, 467
1559510714433, 51509, 437, 596, 476
1559510714446, 51522, 447, 594, 475
1559510714458, 51534, 449, 583, 465
1559510714472, 51548, 446, 570, 467
1559510714486, 51561, 443, 566, 483
1559510714498, 51574, 444, 566, 492
1559510714510, 51587, 441, 570, 487
1559510714524, 51600, 441, 581, 476
1559510714538, 51613, 444, 577, 473
1559510714549, 51625, 446, 591, 477
1559510714563, 51639, 444, 586, 469
1559510714576, 51652, 440, 578, 482
1559510714589, 51665, 447, 583, 488
1559510714602, 51678, 457, 584, 480
1559510714615, 51691, 450, 568, 470
1559510714628, 51704, 443, 579, 477
1559510714641, 51717, 441, 576, 494
1559510714654, 51730, 439, 595, 472
1559510714668, 51743, 439, 577, 463
1559510714681, 51757, 442, 585, 474
1559510714693, 51769, 437, 570, 470
1559510714706, 51782, 440, 568, 474
1559510714718, 51795, 439, 564, 470
1559510714732, 51809, 438, 573, 480
1559510714745, 51821, 439, 576, 477
1559510714759, 51834, 433, 577, 471
1559510714771, 51848, 442, 584, 465
1559510714785, 51860, 444, 570, 461
1559510714797, 51873, 441, 565, 471
1559510714811, 51887, 445, 564, 486
1559510714823, 51900, 444, 577, 482
1559510714837, 51912, 438, 574, 470
1559510714849, 51926, 436, 569, 466
1559510714862, 51939, 437, 584, 472
1559510714876, 51951, 440, 586, 461
1559510714888, 51964, 439, 569, 459
1559510714901, 51978, 433, 563, 460
1559510714915, 51991, 439, 546, 462
1559510714927, 52003, 444, 545, 463
1559510714941, 52017, 442, 552, 466
1559510714953, 52030, 441, 564, 476
1559510714967, 52043, 440, 570, 485
1559510714980, 52056, 439, 573, 461
1559510714993, 52069, 420, 540, 464
1559510715005, 52082, 433, 572, 492
1559510715019, 52094, 424, 586, 519
1559510715032, 52108, 449, 543, 465
1559510715045, 52121, 483, 565, 455
1559510715058, 52134, 488, 581, 451
1559510715071, 52147, 475, 617, 445
1559510715084, 52160, 455, 578, 394
1559510715097, 52173,